Workbook
Name Felber: #REF!

Sheet 2.2 Kandidaten
A1: Gemeinde | B1: Sitze | C1: CVP | E1: FDP | G1: SP/Grüne/Gew. | I1: SVP | K1: Total
C2: Total Kand. | D2: davon Frauen | E2: Total Kand. | F2: davon Frauen | G2: Total Kand. | H2: davon Frauen | I2: Total Kand. | J2: davon Frauen | K2: Total Kand. | L2: davon Frauen
A4: Altdorf | B4: 15 | C4: 8 | D4: 3 | E4: 8 | F4: 1 | G4: 9 | H4: 4 | I4: 8 | J4: 1 | K4: =SUM(I4,G4,E4,C4) -> 33 | L4: =SUM(J4,H4,F4,D4) -> 9
A5: Bürglen | B5: 7 | C5: 5 | D5: 3 | E5: 5 | F5: 1 | G5: 4 | H5: 2 | I5: 4 | J5: 0 | K5: =SUM(I5,G5,E5,C5) -> 18 | L5: =SUM(J5,H5,F5,D5) -> 6
A6: Erstfeld | B6: 6 | C6: 4 | D6: 1 | E6: 4 | F6: 0 | G6: 3 | H6: 2 | I6: 3 | J6: 0 | K6: =SUM(I6,G6,E6,C6) -> 14 | L6: =SUM(J6,H6,F6,D6) -> 3
A7: Schattdorf | B7: 9 | C7: 5 | D7: 1 | E7: 5 | F7: 1 | G7: 5 | H7: 2 | I7: 5 | J7: 0 | K7: =SUM(I7,G7,E7,C7) -> 20 | L7: =SUM(J7,H7,F7,D7) -> 4
A9: Total | B9: =SUM(B4:B7) -> 37 | C9: =SUM(C4:C8) -> 22 | D9: =SUM(D4:D8) -> 8 | E9: =SUM(E4:E8) -> 22 | F9: =SUM(F4:F8) -> 3 | G9: =SUM(G4:G8) -> 21 | H9: =SUM(H4:H8) -> 10 | I9: =SUM(I4:I8) -> 20 | J9: =SUM(J4:J8) -> 1 | K9: =SUM(K4:K8) -> 85 | L9: =SUM(J9,H9,F9,D9) -> 22
D10: =D9/C9 -> 0.36363636 | F10: =F9/E9 -> 0.13636364 | H10: =H9/G9 -> 0.47619048 | J10: =J9/I9 -> 0.05 | L10: =L9/K9 -> 0.25882353
A13: 2020

Sheet Kandidaten Jahre 1992 - 2020
A1: Vergleich Wahlen Anzahl Kandidierende in den Proporzgemeinden
A2: Jahr | B2: Gden. | C2: Sitze | D2: CVP | F2: FDP | H2: SP/Grüne/Gew. | J2: SVP | L2: Total Kand.
D3: Total Kand. | E3: davon Frauen | F3: Total Kand. | G3: davon Frauen | H3: Total Kand. | I3: davon Frauen | J3: Total Kand. | K3: davon Frauen | L3: Total Kand. | M3: davon Frauen | N3: in %
A5: 1992 | B5: 7 | C5: 47 | D5: 55 | E5: 10 | F5: 42 | G5: 9 | H5: 38 | I5: 12 | L5: =SUM(J5,H5,F5,D5) -> 135 | M5: =SUM(K5,I5,G5,E5) -> 31 | N5: =M5/L5 -> 0.22962963
A6: 1996 | B6: 8 | C6: 50 | D6: 54 | E6: 11 | F6: 25 | G6: 5 | H6: 36 | I6: 17 | J6: 1 | K6: 0 | L6: =SUM(J6,H6,F6,D6) -> 116 | M6: =SUM(K6,I6,G6,E6) -> 33 | N6: =M6/L6 -> 0.28448276
A7: 2000 | B7: 8 | C7: 50 | D7: 46 | E7: 11 | F7: 35 | G7: 8 | H7: 25 | I7: 10 | J7: 16 | K7: 0 | L7: =SUM(J7,H7,F7,D7) -> 122 | M7: =SUM(K7,I7,G7,E7) -> 29 | N7: =M7/L7 -> 0.23770492
A8: 2004 | B8: 8 | C8: 50 | D8: 54 | E8: 10 | F8: 31 | G8: 3 | H8: 23 | I8: 11 | J8: 20 | K8: 5 | L8: =SUM(J8,H8,F8,D8) -> 128 | M8: =SUM(K8,I8,G8,E8) -> 29 | N8: =M8/L8 -> 0.2265625
A9: 2008 | B9: 8 | C9: 50 | D9: 40 | E9: 13 | F9: 27 | G9: 5 | H9: 25 | I9: 9 | J9: 28 | K9: 2 | L9: =SUM(J9,H9,F9,D9) -> 120 | M9: =SUM(K9,I9,G9,E9) -> 29 | N9: =M9/L9 -> 0.24166667
A10: 2012 | B10: 8 | C10: 50 | D10: 37 | E10: 11 | F10: 26 | G10: 8 | H10: 26 | I10: 9 | J10: 32 | K10: 4 | L10: =SUM(D10,F10,H10,J10) -> 121 | M10: =SUM(K10,I10,G10,E10) -> 32 | N10: =M10/L10 -> 0.26446281
A11: 2016 | B11: 8 | C11: 50 | D11: 38 | E11: 13 | F11: 31 | G11: 6 | H11: 25 | I11: 9 | J11: 38 | K11: 3 | L11: 132 | M11: 31 | N11: =M11/L11 -> 0.23484848
A12: 2020 | B12: 4 | C12: 37 | D12: 22 | E12: 8 | F12: 22 | G12: 3 | H12: 21 | I12: 10 | J12: 20 | K12: 1 | L12: =SUM(J12,H12,F12,D12) -> 85 | M12: =SUM(K12,I12,G12,E12) -> 22 | N12: =M12/L12 -> 0.25882353

Sheet 3 Stimmbeteiligung
A1: Stimmbeteiligung | D1: ="= Ausfüllen" -> = Ausfüllen
A2: Gemeinde | B2: Stimmber. | C2: Stimmbet. | D2: 2020 | E2: 2016 | F2: 2012 | G2: 2008 | H2: 2004
D3: in % | E3: in % | F3: in % | G3: in % | H3: in %
A5: Altdorf | B5: 6636 | C5: 2827 | D5: =C5/B5*100 -> 42.600964 | E5: 58.939487 | F5: 49.155458 | G5: 39.536024 | H5: 47.4
A6: Bürglen | B6: 3073 | C6: 1343 | D6: =C6/B6*100 -> 43.703222 | E6: 62.211828 | F6: 50.272665 | G6: 42.695473 | H6: 46.2
A7: Erstfeld | B7: 2545 | C7: 1124 | D7: =C7/B7*100 -> 44.165029 | E7: 61.310699 | F7: 46.156788 | G7: 42.186326 | H7: 50.6
A8: Schattdorf | B8: 3989 | C8: 1629 | D8: =C8/B8*100 -> 40.837303 | E8: 61.137566 | F8: 45.707408 | G8: 38.192905 | H8: 46
A10: Alle Proporz-gemeinden | B10: =SUM(B5:B8) -> 16243 | C10: =SUM(C5:C8) -> 6923 | D10: =C10/B10*100 -> 42.621437
A12: Andermatt | B12: 933 | C12: 471 | D12: =C12/B12*100 -> 50.482315 | E12: 78.223185 | F12: 49.094782 | G12: 49.733759 | H12: 50
A13: Attinghausen | D13: Stille Wahl | E13: 59.982788 | F13: 57.91776 | G13: 44.107143 | H13: 54.7
A14: Bauen | D14: Gdevers. | E14: Gdevers. | F14: Gdevers. | G14: Gdevers. | H14: Gdevers.
A15: Flüelen | B15: 1411 | C15: 710 | D15: =C15/B15*100 -> 50.318923 | E15: 67.067138 | F15: 47.466096 | G15: 39.380531 | H15: 44
A16: Göschenen | B16: 309 | C16: 185 | D16: =C16/B16*100 -> 59.87055 | E16: 68.253968 | F16: 52 | G16: 46.857143 | H16: 48.4
A17: Gurtnellen | B17: 412 | C17: 200 | D17: =C17/B17*100 -> 48.543689 | E17: 73.820755 | F17: 58.444444 | G17: 24.691358 | H17: 58.1
A18: Hospental | B18: 142 | C18: 68 | D18: =C18/B18*100 -> 47.887324 | E18: 60.416667 | F18: 53.424658 | G18: 54.375 | H18: 77
A19: Isenthal | D19: Gdevers. | E19: Gdevers. | F19: Gdevers. | G19: Gdevers. | H19: Gdevers.
A20: Realp | B20: 114 | C20: 76 | D20: =C20/B20*100 -> 66.666667 | E20: 78.4 | F20: 56.8 | G20: 50 | H20: 59
A21: Seedorf | B21: 1306 | C21: 700 | D21: =C21/B21*100 -> 53.598775 | E21: Stille Wahl | F21: 48.412698 | G21: 35.289324 | H21: 56.9
A22: Seelisberg | D22: Stille Wahl | E22: 52.12766 | F22: 42.826087 | G22: 24.463519 | H22: 35.7
A23: Silenen | D23: Stille Wahl | E23: 63.912201 | F23: Stille Wahl | G23: 36.311423 | H23: 50
A24: Sisikon | B24: 234 | C24: 74 | D24: =C24/B24*100 -> 31.623932 | E24: 56.078431 | F24: 47.252747 | G24: 32.835821 | H24: 40
A25: Spiringen | B25: 664 | C25: 316 | D25: =C25/B25*100 -> 47.590361 | E25: 51.593323 | F25: 63.955343 | G25: 55.130168 | H25: 37.4
A26: Unterschächen | B26: 543 | C26: 280 | D26: =C26/B26*100 -> 51.565378 | E26: 64.684015 | F26: 75.384615 | G26: 37.524178 | H26: Gdevers.
A27: Wassen | D27: Stille Wahl | E27: 76.109215 | F27: 49.546828 | G27: 43.026706 | H27: 60.4
A29: Alle Majorz-gemeinden | B29: =SUM(B12:B27) -> 6068 | C29: =SUM(C12:C27) -> 3080 | D29: =C29/(B29)*100 -> 50.758075
A31: Total | B31: =B29+B10 -> 22311 | C31: =C29+C10 -> 10003 | D31: =C31/(B31)*100 -> 44.834387
A35: Stimmbeteiligung Regierungsratswahlen
A37: Gemeinde | B37: Stimmber. | C37: Stimmbet. LR | D37: in % | E37: Stimmbet. RR | F37: in %
A40: Altdorf | B40: 6975 | C40: 3612 | D40: =C40/B40*100 -> 51.784946 | E40: 3234 | F40: =E40/B40*100 -> 46.365591
A41: Bürglen | B41: 2936 | C41: 1633 | D41: =C41/B41*100 -> 55.619891 | E41: 1717 | F41: =E41/B41*100 -> 58.480926
A42: Erstfeld | B42: 2455 | C42: 1334 | D42: =C42/B42*100 -> 54.338086 | E42: 1361 | F42: =E42/B42*100 -> 55.437882
A43: Schattdorf | B43: 3948 | C43: 2071 | D43: =C43/B43*100 -> 52.45694 | E43: 2164 | F43: =E43/B43*100 -> 54.812563
A45: Alle Proporz-gemeinden | B45: =SUM(B40:B43) -> 16314 | C45: =SUM(C40:C43) -> 8650 | D45: =C45/B45*100 -> 53.021944 | E45: =SUM(E40:E43) -> 8476 | F45: =E45/B45*100 -> 51.955376
A47: Andermatt | B47: 951 | C47: 621 | D47: 65.3 | E47: 562 | F47: =E47/B47*100 -> 59.095689
A48: Attinghausen | B48: 1309 | C48: 734 | D48: 56.1 | E48: 760 | F48: =E48/B48*100 -> 58.059587
A49: Flüelen | B49: 1422 | C49: 869 | D49: 61.1 | E49: 846 | F49: =E49/B49*100 -> 59.493671
A50: Göschenen | B50: 290 | C50: 198 | D50: 68.3 | E50: 180 | F50: =E50/B50*100 -> 62.068966
A51: Gurtnellen | B51: 394 | C51: 206 | D51: 52.3 | E51: 220 | F51: =E51/B51*100 -> 55.837563
A52: Hospental | B52: 124 | C52: 63 | D52: 50.8 | E52: 62 | F52: =E52/B52*100 -> 50
A53: Isenthal | B53: 354 | C53: Gdevers. | D53: Gdevers. | E53: 189 | F53: =E53/B53*100 -> 53.389831
A54: Realp | B54: 111 | C54: 74 | D54: 66.7 | E54: 75 | F54: =E54/B54*100 -> 67.567568
A55: Seedorf | B55: 1461 | C55: 817 | D55: 55.9 | E55: 842 | F55: =E55/B55*100 -> 57.631759
A56: Silenen | B56: 1564 | C56: Stille Wahl | D56: 57.4 | E56: 896 | F56: =E56/B56*100 -> 57.289003
A57: Seelisberg | B57: 521 | C57: 299 | D57: Stille Wahl | E57: 256 | F57: =E57/B57*100 -> 49.136276
A58: Sisikon | B58: 238 | C58: 132 | D58: 55.5 | E58: 132 | F58: =E58/B58*100 -> 55.462185
A59: Spiringen | B59: 696 | C59: 333 | D59: 47.8 | E59: 368 | F59: =E59/B59*100 -> 52.873563
A60: Unterschächen | B60: 557 | C60: 313 | D60: 56.2 | E60: 319 | F60: =E60/B60*100 -> 57.271095
A61: Wassen | B61: 253 | C61: Stille Wahl | D61: Stille Wahl | E61: 151 | F61: =E61/B61*100 -> 59.683794
A63: Alle Majorz-gemeinden | B63: =SUM(B47:B61)-B53-B56-B61 -> 8074 | C63: =SUM(C47:C61) -> 4659 | D63: =C63/(B63)*100 -> 57.70374 | E63: =SUM(E47:E61) -> 5858 | F63: =E63/SUM(B47:B61)*100 -> 57.179112

Sheet 6 Gültige WZ
A1: Gültige Wahlzettel mit Listenbezeichnung 2020
A2: Gemeinde | B2: Total | C2: CVP | G2: FDP | K2: Gemeinde | L2: Total | M2: SP/Grüne | Q2: SVP
C3: unverändert | E3: verändert | G3: unverändert | I3: verändert | M3: unverändert | O3: verändert | Q3: unverändert | S3: verändert | Y3: leer/ungültig | Z3: kontrolle | AA3: ohne
C4: abs. | D4: % | E4: abs. | F4: % | G4: abs. | H4: % | I4: abs. | J4: % | M4: abs. | N4: % | O4: abs. | P4: % | Q4: abs. | R4: % | S4: abs. | T4: %
A6: Altdorf | B6: =C6+E6+G6+I6+M6+O6+Q6+S6 -> 2353 | C6: 251 | D6: =C6/(E6+C6) -> 0.39280125 | E6: 388 | F6: =E6/(C6+E6) -> 0.60719875 | G6: 217 | H6: =G6/(I6+G6) -> 0.42465753 | I6: 294 | J6: =I6/(G6+I6) -> 0.57534247 | K6: =A6 -> Altdorf | L6: =B6 -> 2353 | M6: 457 | N6: =M6/(O6+M6) -> 0.62774725 | O6: 271 | P6: =O6/(M6+O6) -> 0.37225275 | Q6: 325 | R6: =Q6/(S6+Q6) -> 0.68421053 | S6: 150 | T6: =S6/(Q6+S6) -> 0.31578947 | Y6: =-B6+Z6-AA6 -> 0 | Z6: 2735 | AA6: 382
A7: Bürglen | B7: =C7+E7+G7+I7+M7+O7+Q7+S7 -> 1093 | C7: 168 | D7: =C7/(E7+C7) -> 0.50299401 | E7: 166 | F7: =E7/(C7+E7) -> 0.49700599 | G7: 106 | H7: =G7/(I7+G7) -> 0.64242424 | I7: 59 | J7: =I7/(G7+I7) -> 0.35757576 | K7: =A7 -> Bürglen | L7: =B7 -> 1093 | M7: 127 | N7: =M7/(O7+M7) -> 0.59345794 | O7: 87 | P7: =O7/(M7+O7) -> 0.40654206 | Q7: 247 | R7: =Q7/(S7+Q7) -> 0.65 | S7: 133 | T7: =S7/(Q7+S7) -> 0.35 | Y7: =-B7+Z7-AA7 -> 0 | Z7: 1297 | AA7: 204
A8: Erstfeld | B8: =C8+E8+G8+I8+M8+O8+Q8+S8 -> 910 | C8: 142 | D8: =C8/(E8+C8) -> 0.45079365 | E8: 173 | F8: =E8/(C8+E8) -> 0.54920635 | G8: 63 | H8: =G8/(I8+G8) -> 0.59433962 | I8: 43 | J8: =I8/(G8+I8) -> 0.40566038 | K8: =A8 -> Erstfeld | L8: =B8 -> 910 | M8: 196 | N8: =M8/(O8+M8) -> 0.7340824 | O8: 71 | P8: =O8/(M8+O8) -> 0.2659176 | Q8: 142 | R8: =Q8/(S8+Q8) -> 0.63963964 | S8: 80 | T8: =S8/(Q8+S8) -> 0.36036036 | Y8: =-B8+Z8-AA8 -> 0 | Z8: 1097 | AA8: 187
A9: Schattdorf | B9: =C9+E9+G9+I9+M9+O9+Q9+S9 -> 1319 | C9: 217 | D9: =C9/(E9+C9) -> 0.48654709 | E9: 229 | F9: =E9/(C9+E9) -> 0.51345291 | G9: 126 | H9: =G9/(I9+G9) -> 0.47908745 | I9: 137 | J9: =I9/(G9+I9) -> 0.52091255 | K9: =A9 -> Schattdorf | L9: =B9 -> 1319 | M9: 151 | N9: =M9/(O9+M9) -> 0.62396694 | O9: 91 | P9: =O9/(M9+O9) -> 0.37603306 | Q9: 207 | R9: =Q9/(S9+Q9) -> 0.5625 | S9: 161 | T9: =S9/(Q9+S9) -> 0.4375 | Y9: =-B9+Z9-AA9 -> 0 | Z9: 1572 | AA9: 253
A11: Total | B11: =SUM(B6:B9) -> 5675 | C11: =SUM(C6:C10) -> 778 | D11: =C11/(E11+C11) -> 0.44867359 | E11: =SUM(E6:E9) -> 956 | F11: =E11/(C11+E11) -> 0.55132641 | G11: =SUM(G6:G10) -> 512 | H11: =G11/(I11+G11) -> 0.48995215 | I11: =SUM(I6:I9) -> 533 | J11: =I11/(G11+I11) -> 0.51004785 | K11: =A11 -> Total | L11: =B11 -> 5675 | M11: =SUM(M6:M10) -> 931 | N11: =M11/(O11+M11) -> 0.64162646 | O11: =SUM(O6:O9) -> 520 | P11: =O11/(M11+O11) -> 0.35837354 | Q11: =SUM(Q6:Q10) -> 921 | R11: =Q11/(S11+Q11) -> 0.63737024 | S11: =SUM(S6:S9) -> 524 | T11: =S11/(Q11+S11) -> 0.36262976
A13: Gültige Wahlzettel mit Listenbezeichnung 2024
A14: Gemeinde | B14: Total | C14: CVP | G14: FDP | K14: Gemeinde | L14: Total | M14: GLP | Q14: SP/Grüne | U14: SVP
C15: unverändert | E15: verändert | G15: unverändert | I15: verändert | M15: unverändert | O15: verändert | Q15: unverändert | S15: verändert | U15: unverändert | W15: verändert | Y15: leer/ungültig | Z15: kontrolle | AA15: ohne
C16: abs. | D16: % | E16: abs. | F16: % | G16: abs. | H16: % | I16: abs. | J16: % | M16: abs. | N16: % | O16: abs. | P16: % | Q16: abs. | R16: % | S16: abs. | T16: % | U16: abs. | V16: % | W16: abs. | X16: %
A18: Altdorf | B18: =C18+E18+G18+I18+M18+O18+Q18+S18+U18+W18 -> 3033 | C18: 403 | D18: =C18/(E18+C18) -> 0.41718427 | E18: 563 | F18: =E18/(C18+E18) -> 0.58281573 | G18: 253 | H18: =G18/(I18+G18) -> 0.5292887 | I18: 225 | J18: =I18/(G18+I18) -> 0.4707113 | K18: =A18 -> Altdorf | L18: =B18 -> 3033 | M18: 157 | N18: =M18/(O18+M18) -> 0.4197861 | O18: 217 | P18: =O18/(M18+O18) -> 0.5802139 | Q18: 416 | R18: =Q18/(S18+Q18) -> 0.62368816 | S18: 251 | T18: =S18/(Q18+S18) -> 0.37631184 | U18: 376 | V18: =U18/(W18+U18) -> 0.68613139 | W18: 172 | X18: =W18/(U18+W18) -> 0.31386861 | Y18: =-B18+Z18-AA18 -> 0 | Z18: 3522 | AA18: 489
A19: Bürglen | B19: =C19+E19+G19+I19+M19+O19+Q19+S19+U19+W19 -> 1286 | C19: 134 | D19: =C19/(E19+C19) -> 0.4011976 | E19: 200 | F19: =E19/(C19+E19) -> 0.5988024 | G19: 69 | H19: =G19/(I19+G19) -> 0.44805195 | I19: 85 | J19: =I19/(G19+I19) -> 0.55194805 | K19: =A19 -> Bürglen | L19: =B19 -> 1286 | M19: 44 | N19: =M19/(O19+M19) -> 0.34375 | O19: 84 | P19: =O19/(M19+O19) -> 0.65625 | Q19: 118 | R19: =Q19/(S19+Q19) -> 0.64480874 | S19: 65 | T19: =S19/(Q19+S19) -> 0.35519126 | U19: 318 | V19: =U19/(W19+U19) -> 0.65297741 | W19: 169 | X19: =W19/(U19+W19) -> 0.34702259 | Y19: =-B19+Z19-AA19 -> 0 | Z19: 1589 | AA19: 303
A20: Erstfeld | B20: =C20+E20+G20+I20+M20+O20+Q20+S20+U20+W20 -> 1001 | C20: 118 | D20: =C20/(E20+C20) -> 0.472 | E20: 132 | F20: =E20/(C20+E20) -> 0.528 | G20: 97 | H20: =G20/(I20+G20) -> 0.5739645 | I20: 72 | J20: =I20/(G20+I20) -> 0.4260355 | K20: =A20 -> Erstfeld | L20: =B20 -> 1001 | M20: 0 | N20: 0 | O20: 0 | P20: 0 | Q20: 197 | R20: =Q20/(S20+Q20) -> 0.69611307 | S20: 86 | T20: =S20/(Q20+S20) -> 0.30388693 | U20: 162 | V20: =U20/(W20+U20) -> 0.54180602 | W20: 137 | X20: =W20/(U20+W20) -> 0.45819398 | Y20: =-B20+Z20-AA20 -> 0 | Z20: 1295 | AA20: 294
A21: Schattdorf | B21: =C21+E21+G21+I21+M21+O21+Q21+S21+U21+W21 -> 1599 | C21: 226 | D21: =C21/(E21+C21) -> 0.36569579 | E21: 392 | F21: =E21/(C21+E21) -> 0.63430421 | G21: 103 | H21: =G21/(I21+G21) -> 0.39163498 | I21: 160 | J21: =I21/(G21+I21) -> 0.60836502 | K21: =A21 -> Schattdorf | L21: =B21 -> 1599 | M21: 31 | N21: =M21/(O21+M21) -> 0.34444444 | O21: 59 | P21: =O21/(M21+O21) -> 0.65555556 | Q21: 125 | R21: =Q21/(S21+Q21) -> 0.6281407 | S21: 74 | T21: =S21/(Q21+S21) -> 0.3718593 | U21: 246 | V21: =U21/(W21+U21) -> 0.57342657 | W21: 183 | X21: =W21/(U21+W21) -> 0.42657343 | Y21: =-B21+Z21-AA21 -> 0 | Z21: 2009 | AA21: 410
A23: Total | B23: =SUM(B18:B21) -> 6919 | C23: =SUM(C18:C22) -> 881 | D23: =C23/(E23+C23) -> 0.40636531 | E23: =SUM(E18:E21) -> 1287 | F23: =E23/(C23+E23) -> 0.59363469 | G23: =SUM(G18:G22) -> 522 | H23: =G23/(I23+G23) -> 0.4906015 | I23: =SUM(I18:I21) -> 542 | J23: =I23/(G23+I23) -> 0.5093985 | K23: =A23 -> Total | L23: =B23 -> 6919 | M23: =SUM(M18:M22) -> 232 | N23: =M23/(O23+M23) -> 0.39189189 | O23: =SUM(O18:O21) -> 360 | P23: =O23/(M23+O23) -> 0.60810811 | Q23: =SUM(Q18:Q22) -> 856 | R23: =Q23/(S23+Q23) -> 0.64264264 | S23: =SUM(S18:S21) -> 476 | T23: =S23/(Q23+S23) -> 0.35735736 | U23: =SUM(U18:U22) -> 1102 | V23: =U23/(W23+U23) -> 0.6250709 | W23: =SUM(W18:W21) -> 661 | X23: =W23/(U23+W23) -> 0.3749291
Y28: =C18+G18+M18+Q18+U18 -> 1605
Y29: =E18+I18+O18+S18+W18 -> 1428

Sheet 6 Anteil unverändert Parteien
A2: Partei | B2: 1992 | C2: 1996 | D2: 2000 | E2: 2004 | F2: 2008 | G2: 2012 | H2: 2016 | I2: 2020 | J2: 2024
A3: CVP | B3: 19.8 | C3: 32 | D3: 38.8 | E3: 41.4 | F3: 46.4 | G3: 32.9 | H3: 41.7 | I3: ='6 Gültige WZ'!$D$11*100 -> 44.867359 | J3: ='6 Gültige WZ'!$D$23*100 -> 40.636531
A4: FDP | B4: 18 | C4: 30.7 | D4: 37.6 | E4: 38.3 | F4: 52.5 | G4: 49.8 | H4: 51.1 | I4: ='6 Gültige WZ'!$H$11*100 -> 48.995215 | J4: ='6 Gültige WZ'!$H$23*100 -> 49.06015
A5: GLP | J5: ='6 Gültige WZ'!$N$23*100 -> 39.189189
A6: SP/GB | B6: 27 | C6: 37.8 | D6: 41.8 | E6: 47 | F6: 61.8 | G6: 51.3 | H6: 63 | I6: ='6 Gültige WZ'!$N$11*100 -> 64.162646 | J6: ='6 Gültige WZ'!$R$23*100 -> 64.264264
A7: SVP | D7: 37.3 | E7: 42.1 | F7: 64.9 | G7: 58.1 | H7: 64.8 | I7: ='6 Gültige WZ'!$R$11*100 -> 63.737024 | J7: ='6 Gültige WZ'!$V$23*100 -> 62.50709

Sheet 6.2 Freie Listen
A1: Gültige, bezeichnete und freie Listen 2020 | L1: Gültige, bezeichnete und freie Listen 2024
A2: Gemeinde | B2: Gültige Wahlzettel | C2: Wahlzettel mit Listenbezeichnung | G2: Freie Listen | L2: Gemeinde | M2: Gültige Wahlzettel | N2: Wahlzettel mit Listenbezeichnung | R2: Freie Listen
C3: unverändert | E3: verändert | N3: unverändert | P3: verändert
C4: abs. | D4: % | E4: abs. | F4: % | G4: abs. | H4: % | N4: abs. | O4: % | P4: abs. | Q4: % | R4: abs. | S4: %
A6: Altdorf | B6: ='6 Gültige WZ'!Z6-'6 Gültige WZ'!Y6 -> 2735 | C6: ='6 Gültige WZ'!C6+'6 Gültige WZ'!G6+'6 Gültige WZ'!M6+'6 Gültige WZ'!Q6 -> 1250 | D6: =C6/$B6 -> 0.45703839 | E6: 1103 | F6: =E6/$B6 -> 0.40329068 | G6: 382 | H6: =G6/$B6 -> 0.13967093 | J6: =E6+G6 -> 1485 | L6: Altdorf | M6: ='6 Gültige WZ'!Z18-'6 Gültige WZ'!Y18 -> 3522 | N6: ='6 Gültige WZ'!C18+'6 Gültige WZ'!G18+'6 Gültige WZ'!M18+'6 Gültige WZ'!Q18+'6 Gültige WZ'!U18 -> 1605 | O6: =N6/$M6 -> 0.45570698 | P6: ='6 Gültige WZ'!E18+'6 Gültige WZ'!I18+'6 Gültige WZ'!O18+'6 Gültige WZ'!S18+'6 Gültige WZ'!W18 -> 1428 | Q6: =P6/$M6 -> 0.40545145 | R6: ='6 Gültige WZ'!AA18 -> 489 | S6: =R6/$M6 -> 0.13884157 | U6: =P6+R6 -> 1917
A7: Bürglen | B7: ='6 Gültige WZ'!Z7-'6 Gültige WZ'!Y7 -> 1297 | C7: ='6 Gültige WZ'!C7+'6 Gültige WZ'!G7+'6 Gültige WZ'!M7+'6 Gültige WZ'!Q7 -> 648 | D7: =C7/$B7 -> 0.49961449 | E7: 445 | F7: =E7/$B7 -> 0.34309946 | G7: 204 | H7: =G7/$B7 -> 0.15728604 | J7: =E7+G7 -> 649 | L7: Bürglen | M7: ='6 Gültige WZ'!Z19-'6 Gültige WZ'!Y19 -> 1589 | N7: ='6 Gültige WZ'!C19+'6 Gültige WZ'!G19+'6 Gültige WZ'!M19+'6 Gültige WZ'!Q19+'6 Gültige WZ'!U19 -> 683 | O7: =N7/$M7 -> 0.42983008 | P7: ='6 Gültige WZ'!E19+'6 Gültige WZ'!I19+'6 Gültige WZ'!O19+'6 Gültige WZ'!S19+'6 Gültige WZ'!W19 -> 603 | Q7: =P7/$M7 -> 0.37948395 | R7: ='6 Gültige WZ'!AA19 -> 303 | S7: =R7/$M7 -> 0.19068597 | U7: =P7+R7 -> 906
A8: Erstfeld | B8: ='6 Gültige WZ'!Z8-'6 Gültige WZ'!Y8 -> 1097 | C8: ='6 Gültige WZ'!C8+'6 Gültige WZ'!G8+'6 Gültige WZ'!M8+'6 Gültige WZ'!Q8 -> 543 | D8: =C8/$B8 -> 0.49498633 | E8: 367 | F8: =E8/$B8 -> 0.33454877 | G8: 187 | H8: =G8/$B8 -> 0.1704649 | J8: =E8+G8 -> 554 | L8: Erstfeld | M8: ='6 Gültige WZ'!Z20-'6 Gültige WZ'!Y20 -> 1295 | N8: ='6 Gültige WZ'!C20+'6 Gültige WZ'!G20+'6 Gültige WZ'!M20+'6 Gültige WZ'!Q20+'6 Gültige WZ'!U20 -> 574 | O8: =N8/$M8 -> 0.44324324 | P8: ='6 Gültige WZ'!E20+'6 Gültige WZ'!I20+'6 Gültige WZ'!O20+'6 Gültige WZ'!S20+'6 Gültige WZ'!W20 -> 427 | Q8: =P8/$M8 -> 0.32972973 | R8: ='6 Gültige WZ'!AA20 -> 294 | S8: =R8/$M8 -> 0.22702703 | U8: =P8+R8 -> 721
A9: Schattdorf | B9: ='6 Gültige WZ'!Z9-'6 Gültige WZ'!Y9 -> 1572 | C9: ='6 Gültige WZ'!C9+'6 Gültige WZ'!G9+'6 Gültige WZ'!M9+'6 Gültige WZ'!Q9 -> 701 | D9: =C9/$B9 -> 0.44592875 | E9: 618 | F9: =E9/$B9 -> 0.39312977 | G9: 253 | H9: =G9/$B9 -> 0.16094148 | J9: =E9+G9 -> 871 | L9: Schattdorf | M9: ='6 Gültige WZ'!Z21-'6 Gültige WZ'!Y21 -> 2009 | N9: ='6 Gültige WZ'!C21+'6 Gültige WZ'!G21+'6 Gültige WZ'!M21+'6 Gültige WZ'!Q21+'6 Gültige WZ'!U21 -> 731 | O9: =N9/$M9 -> 0.36386262 | P9: ='6 Gültige WZ'!E21+'6 Gültige WZ'!I21+'6 Gültige WZ'!O21+'6 Gültige WZ'!S21+'6 Gültige WZ'!W21 -> 868 | Q9: =P9/$M9 -> 0.43205575 | R9: ='6 Gültige WZ'!AA21 -> 410 | S9: =R9/$M9 -> 0.20408163 | U9: =P9+R9 -> 1278
J10: =E10+G10 -> 0 | U10: =P10+R10 -> 0
A11: Total | B11: =SUM(B6:B9) -> 6701 | C11: =SUM(C6:C10) -> 3142 | D11: =C11/$B11 -> 0.46888524 | E11: 2533 | F11: =E11/$B11 -> 0.37800328 | G11: 1026 | H11: =G11/$B11 -> 0.15311148 | J11: =E11+G11 -> 3559 | L11: Total | M11: =SUM(M6:M9) -> 8415 | N11: =SUM(N6:N10) -> 3593 | O11: =N11/$M11 -> 0.42697564 | P11: =SUM(P6:P10) -> 3326 | Q11: =P11/$M11 -> 0.39524658 | R11: =SUM(R6:R10) -> 1496 | S11: =R11/$M11 -> 0.17777778 | U11: =P11+R11 -> 4822

Sheet 6.2.1 Freie Liste - Verteilung
A1: 2020 Verteilung der Listenstimmen von Freien Listen auf die Parteien (aus form 3b) | V1: Aus auswertung 2 rauskopieren | AM1: Gemeinde | AN1: CVP | AP1: FDP | AT1: SP/GB | AV1: SVP
A2: Gemeinde | B2: Total | C2: Kandidatenstimmen | H2: Leere Linien | J2: Gemeinde | K2: CVP | M2: FDP | Q2: SP/GB | S2: SVP | V2: Gemeinde | W2: CVP | Z2: FDP | AF2: SP/GB | AI2: SVP | AN2: Parteistimmen | AP2: Parteistimmen | AT2: Parteistimmen | AV2: Parteistimmen
C3: CVP | D3: FDP | F3: SP/GB | G3: SVP | K3: Parteistärke in % | L3: Freie Liste in % | M3: Parteistärke in % | N3: Freie Liste in % | Q3: Parteistärke in % | R3: Freie Liste in % | S3: Parteistärke in % | T3: Freie Liste in % | W3: Kandidaten-stimmen | X3: Zusatzstimmen | Y3: in % | Z3: Kandidaten-stimmen | AA3: Zusatzstimmen | AB3: in % | AF3: Kandidaten-stimmen | AG3: Zusatzstimmen | AH3: in % | AI3: Kandidaten-stimmen | AJ3: Zusatzstimmen | AK3: in % | AN3: absolut | AO3: in % | AP3: absolut | AQ3: in % | AT3: absolut | AU3: in % | AV3: absolut | AW3: in %
A5: Altdorf | B5: ='6.2 Freie Listen'!G6*15 -> 5730 | C5: 1801 | D5: 1476 | F5: 1164 | G5: 612 | H5: =B5-C5-D5-F5-G5 -> 677 | J5: Altdorf | K5: ='722 Verteilung Gden'!G7 -> 28.430158 | L5: =C5/B5% -> 31.431065 | M5: ='722 Verteilung Gden'!G8 -> 22.833846 | N5: =D5/$B5% -> 25.759162 | Q5: ='722 Verteilung Gden'!G9 -> 29.513235 | R5: =F5/$B5% -> 20.314136 | S5: ='722 Verteilung Gden'!G10 -> 19.222762 | T5: =G5/$B5% -> 10.680628 | V5: Altdorf | W5: 10683 | X5: 788 | Y5: =X5/W5% -> 7.3762052 | Z5: 8731 | AA5: 482 | AB5: =AA5/Z5% -> 5.5205589 | AF5: 11659 | AG5: 249 | AH5: =AG5/AF5% -> 2.1356892 | AI5: 7351 | AJ5: 405 | AK5: =AJ5/AI5% -> 5.5094545 | AM5: Altdorf | AN5: =W5+X5 -> 11471 | AO5: =AN5/SUM($AN5+$AP5+$AT5+$AV5)% -> 28.430158 | AP5: =Z5+AA5 -> 9213 | AQ5: =AP5/SUM($AN5+$AP5+$AT5+$AV5)% -> 22.833846 | AT5: =AF5+AG5 -> 11908 | AU5: =AT5/SUM($AN5+$AP5+$AT5+$AV5)% -> 29.513235 | AV5: =AI5+AJ5 -> 7756 | AW5: =AV5/SUM($AN5+$AP5+$AT5+$AV5)% -> 19.222762 | AY5: =SUM(AW5+AU5+AQ5+AO5) -> 100
A6: Bürglen | B6: ='6.2 Freie Listen'!G7*7 -> 1428 | C6: 520 | D6: 257 | F6: 146 | G6: 366 | H6: =B6-C6-D6-F6-G6 -> 139 | J6: Bürglen | K6: ='722 Verteilung Gden'!G12 -> 31.565996 | L6: =C6/B6% -> 36.414566 | M6: ='722 Verteilung Gden'!G13 -> 17.527964 | N6: =D6/$B6% -> 17.997199 | Q6: ='722 Verteilung Gden'!G14 -> 17.964206 | R6: =F6/$B6% -> 10.22409 | S6: ='722 Verteilung Gden'!G15 -> 32.941834 | T6: =G6/$B6% -> 25.630252 | V6: Bürglen | W6: 2740 | X6: 82 | Y6: =X6/W6% -> 2.9927007 | Z6: 1519 | AA6: 48 | AB6: =AA6/Z6% -> 3.1599737 | AF6: 1549 | AG6: 57 | AH6: =AG6/AF6% -> 3.6797934 | AI6: 2786 | AJ6: 159 | AK6: =AJ6/AI6% -> 5.707107 | AM6: Bürglen | AN6: =W6+X6 -> 2822 | AO6: =AN6/SUM($AN6+$AP6+$AT6+$AV6)% -> 31.565996 | AP6: =Z6+AA6 -> 1567 | AQ6: =AP6/SUM($AN6+$AP6+$AT6+$AV6)% -> 17.527964 | AT6: =AF6+AG6 -> 1606 | AU6: =AT6/SUM($AN6+$AP6+$AT6+$AV6)% -> 17.964206 | AV6: =AI6+AJ6 -> 2945 | AW6: =AV6/SUM($AN6+$AP6+$AT6+$AV6)% -> 32.941834 | AY6: =SUM(AW6+AU6+AQ6+AO6) -> 100
A7: Erstfeld | B7: ='6.2 Freie Listen'!G8*6 -> 1122 | C7: 402 | D7: 237 | F7: 167 | G7: 267 | H7: =B7-C7-D7-F7-G7 -> 49 | J7: Erstfeld | K7: ='722 Verteilung Gden'!G17 -> 35.34364 | L7: =C7/B7% -> 35.828877 | M7: ='722 Verteilung Gden'!G18 -> 14.480331 | N7: =D7/$B7% -> 21.122995 | Q7: ='722 Verteilung Gden'!G19 -> 26.09827 | R7: =F7/$B7% -> 14.884135 | S7: ='722 Verteilung Gden'!G20 -> 24.077759 | T7: =G7/$B7% -> 23.796791 | V7: Erstfeld | W7: 2227 | X7: 82 | Y7: =X7/W7% -> 3.6820835 | Z7: 925 | AA7: 21 | AB7: =AA7/Z7% -> 2.2702703 | AF7: 1647 | AG7: 58 | AH7: =AG7/AF7% -> 3.5215543 | AI7: 1533 | AJ7: 40 | AK7: =AJ7/AI7% -> 2.6092629 | AM7: Erstfeld | AN7: =W7+X7 -> 2309 | AO7: =AN7/SUM($AN7+$AP7+$AT7+$AV7)% -> 35.34364 | AP7: =Z7+AA7 -> 946 | AQ7: =AP7/SUM($AN7+$AP7+$AT7+$AV7)% -> 14.480331 | AT7: =AF7+AG7 -> 1705 | AU7: =AT7/SUM($AN7+$AP7+$AT7+$AV7)% -> 26.09827 | AV7: =AI7+AJ7 -> 1573 | AW7: =AV7/SUM($AN7+$AP7+$AT7+$AV7)% -> 24.077759 | AY7: =SUM(AW7+AU7+AQ7+AO7) -> 100
A8: Schattdorf | B8: ='6.2 Freie Listen'!G9*9 -> 2277 | C8: 751 | D8: 557 | F8: 345 | G8: 329 | H8: =B8-C8-D8-F8-G8 -> 295 | J8: Schattdorf | K8: ='722 Verteilung Gden'!G22 -> 34.606222 | L8: =C8/B8% -> 32.981994 | M8: ='722 Verteilung Gden'!G23 -> 21.374432 | N8: =D8/$B8% -> 24.462011 | Q8: ='722 Verteilung Gden'!G24 -> 18.768498 | R8: =F8/$B8% -> 15.151515 | S8: ='722 Verteilung Gden'!G25 -> 25.250848 | T8: =G8/$B8% -> 14.448836 | V8: Schattdorf | W8: 4613 | X8: 181 | Y8: =X8/W8% -> 3.9236939 | Z8: 2874 | AA8: 87 | AB8: =AA8/Z8% -> 3.0271399 | AF8: 2481 | AG8: 119 | AH8: =AG8/AF8% -> 4.796453 | AI8: 3298 | AJ8: 200 | AK8: =AJ8/AI8% -> 6.0642814 | AM8: Schattdorf | AN8: =W8+X8 -> 4794 | AO8: =AN8/SUM($AN8+$AP8+$AT8+$AV8)% -> 34.606222 | AP8: =Z8+AA8 -> 2961 | AQ8: =AP8/SUM($AN8+$AP8+$AT8+$AV8)% -> 21.374432 | AT8: =AF8+AG8 -> 2600 | AU8: =AT8/SUM($AN8+$AP8+$AT8+$AV8)% -> 18.768498 | AV8: =AI8+AJ8 -> 3498 | AW8: =AV8/SUM($AN8+$AP8+$AT8+$AV8)% -> 25.250848 | AY8: =SUM(AW8+AU8+AQ8+AO8) -> 100
A10: Total | B10: =SUM(B5:B8) -> 10557 | C10: =SUM(C5:C9) -> 3474 | D10: =SUM(D5:D9) -> 2527 | F10: =SUM(F5:F9) -> 1822 | G10: =SUM(G5:G9) -> 1574 | H10: =SUM(H5:H9) -> 1160 | J10: Total | K10: ='722 Verteilung Gden'!V6 -> 30.708729 | L10: =C10/B10% -> 32.907076 | M10: ='722 Verteilung Gden'!V7 -> 21.079599 | N10: =D10/$B10% -> 23.936724 | Q10: ='722 Verteilung Gden'!V8 -> 25.57482 | R10: =F10/$B10% -> 17.258691 | S10: ='722 Verteilung Gden'!V9 -> 22.636852 | T10: =G10/$B10% -> 14.909539 | V10: Total | W10: =SUM(W5:W8) -> 20263 | X10: =SUM(X5:X9) -> 1133 | Y10: =X10/W10% -> 5.5914721 | Z10: =SUM(Z5:Z9) -> 14049 | AA10: =SUM(AA5:AA9) -> 638 | AB10: =AA10/Z10% -> 4.5412485 | AF10: =SUM(AF5:AF8) -> 17336 | AG10: =SUM(AG5:AG9) -> 483 | AH10: =AG10/AF10% -> 2.7861098 | AI10: =SUM(AI5:AI9) -> 14968 | AJ10: =SUM(AJ5:AJ9) -> 804 | AK10: =AJ10/AI10% -> 5.3714591 | AM10: Total | AN10: =SUM(AN5:AN8) -> 21396 | AO10: =AN10/SUM($AN10+$AP10+$AT10+$AV10)% -> 30.708729 | AP10: =SUM(AP5:AP8) -> 14687 | AQ10: =AP10/SUM($AN10+$AP10+$AT10+$AV10)% -> 21.079599 | AT10: =SUM(AT5:AT8) -> 17819 | AU10: =AT10/SUM($AN10+$AP10+$AT10+$AV10)% -> 25.57482 | AV10: =SUM(AV5:AV8) -> 15772 | AW10: =AV10/SUM($AN10+$AP10+$AT10+$AV10)% -> 22.636852
W11: =W10+X10 -> 21396 | Z11: =Z10+AA10 -> 14687 | AF11: =AF10+AG10 -> 17819 | AI11: =AI10+AJ10 -> 15772
A14: 2024 Verteilung der Listenstimmen von Freien Listen auf die Parteien (aus form 3b) | V14: Aus Formular 2 (pro Gemeinde) | AM14: Gemeinde | AN14: CVP | AP14: FDP | AR14: GLP | AT14: SP/GB | AV14: SVP
A15: Gemeinde | B15: Total | C15: Kandidatenstimmen | H15: Leere Linien | J15: Gemeinde | K15: CVP | M15: FDP | O15: GLP | Q15: SP/GB | S15: SVP | V15: Gemeinde | W15: CVP | Z15: FDP | AC15: GLP | AF15: SP/GB | AI15: SVP | AN15: Parteistimmen | AP15: Parteistimmen | AR15: Parteistimmen | AT15: Parteistimmen | AV15: Parteistimmen
C16: CVP | D16: FDP | E16: GLP | F16: SP/GB | G16: SVP | K16: Parteistärke in % | L16: Freie Liste in % | M16: Parteistärke in % | N16: Freie Liste in % | O16: Parteistärke in % | P16: Freie Liste in % | Q16: Parteistärke in % | R16: Freie Liste in % | S16: Parteistärke in % | T16: Freie Liste in % | W16: Kandidaten-stimmen | X16: Zusatzstimmen | Y16: in % | Z16: Kandidaten-stimmen | AA16: Zusatzstimmen | AB16: in % | AC16: Kandidaten-stimmen | AD16: Zusatzstimmen | AE16: in % | AF16: Kandidaten-stimmen | AG16: Zusatzstimmen | AH16: in % | AI16: Kandidaten-stimmen | AJ16: Zusatzstimmen | AK16: in % | AN16: absolut | AO16: in % | AP16: absolut | AQ16: in % | AR16: absolut | AS16: in % | AT16: absolut | AU16: in % | AV16: absolut | AW16: in %
A18: Altdorf | B18: ='6.2 Freie Listen'!R6*15 -> 7335 | C18: 2113 | D18: 1265 | E18: 933 | F18: 921 | G18: 653 | H18: =B18-C18-D18-E18-F18-G18 -> 1450 | J18: Altdorf | K18: ='722 Verteilung Gden'!G38 -> 32.113663 | L18: =C18/B18% -> 28.807089 | M18: ='722 Verteilung Gden'!G39 -> 17.391981 | N18: =D18/$B18% -> 17.24608 | O18: ='722 Verteilung Gden'!G40 -> 12.588556 | P18: =E18/$B18% -> 12.719836 | Q18: ='722 Verteilung Gden'!G41 -> 20.587777 | R18: =F18/$B18% -> 12.556237 | S18: ='722 Verteilung Gden'!G42 -> 17.318023 | T18: =G18/$B18% -> 8.9025222 | V18: Altdorf | W18: 15545 | X18: 955 | Y18: =X18/W18% -> 6.1434545 | Z18: 8378 | AA18: 558 | AB18: =AA18/Z18% -> 6.6603008 | AC18: 5988 | AD18: 480 | AE18: =AD18/AC18% -> 8.0160321 | AF18: 10131 | AG18: 447 | AH18: =AG18/AF18% -> 4.4122002 | AI18: 8169 | AJ18: 729 | AK18: =AJ18/AI18% -> 8.9239809 | AM18: Altdorf | AN18: =W18+X18 -> 16500 | AO18: =AN18/SUM($AN18+$AP18+$AR18+$AT18+$AV18)% -> 32.113663 | AP18: =Z18+AA18 -> 8936 | AQ18: =AP18/SUM($AN18+$AP18+$AR18+$AT18+$AV18)% -> 17.391981 | AR18: =AC18+AD18 -> 6468 | AS18: =AR18/SUM($AN18+$AR18+$AP18+$AT18+$AV18)% -> 12.588556 | AT18: =AF18+AG18 -> 10578 | AU18: =AT18/SUM($AN18+$AP18+$AR18+$AT18+$AV18)% -> 20.587777 | AV18: =AI18+AJ18 -> 8898 | AW18: =AV18/SUM($AN18+$AP18+$AR18+$AT18+$AV18)% -> 17.318023 | AY18: =SUM(AS18+AW18+AU18+AQ18+AO18) -> 100
A19: Bürglen | B19: ='6.2 Freie Listen'!R7*7 -> 2121 | C19: 572 | D19: 394 | E19: 243 | F19: 167 | G19: 510 | H19: =B19-C19-D19-E19-F19-G19 -> 235 | J19: Bürglen | K19: ='722 Verteilung Gden'!G44 -> 26.377663 | L19: =C19/B19% -> 26.968411 | M19: ='722 Verteilung Gden'!G45 -> 14.704262 | N19: =D19/$B19% -> 18.576143 | O19: ='722 Verteilung Gden'!G46 -> 11.195812 | P19: =E19/$B19% -> 11.45686 | Q19: ='722 Verteilung Gden'!G47 -> 12.81227 | R19: =F19/$B19% -> 7.8736445 | S19: ='722 Verteilung Gden'!G48 -> 34.909993 | T19: =G19/$B19% -> 24.045262 | V19: Bürglen | W19: 2656 | X19: 216 | Y19: =X19/W19% -> 8.1325301 | Z19: 1546 | AA19: 55 | AB19: =AA19/Z19% -> 3.5575679 | AC19: 1180 | AD19: 39 | AE19: =AD19/AC19% -> 3.3050847 | AF19: 1383 | AG19: 12 | AH19: =AG19/AF19% -> 0.86767896 | AI19: 3592 | AJ19: 209 | AK19: =AJ19/AI19% -> 5.8184855 | AM19: Bürglen | AN19: =W19+X19 -> 2872 | AO19: =AN19/SUM($AN19+$AP19+$AR19+$AT19+$AV19)% -> 26.377663 | AP19: =Z19+AA19 -> 1601 | AQ19: =AP19/SUM($AN19+$AP19+$AR19+$AT19+$AV19)% -> 14.704262 | AR19: =AC19+AD19 -> 1219 | AS19: =AR19/SUM($AN19+$AR19+$AP19+$AT19+$AV19)% -> 11.195812 | AT19: =AF19+AG19 -> 1395 | AU19: =AT19/SUM($AN19+$AP19+$AR19+$AT19+$AV19)% -> 12.81227 | AV19: =AI19+AJ19 -> 3801 | AW19: =AV19/SUM($AN19+$AP19+$AR19+$AT19+$AV19)% -> 34.909993 | AY19: =SUM(AS19+AW19+AU19+AQ19+AO19) -> 100
A20: Erstfeld | B20: ='6.2 Freie Listen'!R8*6 -> 1764 | C20: 402 | D20: 459 | E20: 0 | F20: 389 | G20: 365 | H20: =B20-C20-D20-E20-F20-G20 -> 149 | J20: Erstfeld | K20: ='722 Verteilung Gden'!G50 -> 24.642435 | L20: =C20/B20% -> 22.789116 | M20: ='722 Verteilung Gden'!G51 -> 20.391025 | N20: =D20/$B20% -> 26.020408 | O20: ='722 Verteilung Gden'!G52 -> 0 | P20: =E20/$B20% -> 0 | Q20: ='722 Verteilung Gden'!G53 -> 28.303372 | R20: =F20/$B20% -> 22.052154 | S20: ='722 Verteilung Gden'!G54 -> 26.663168 | T20: =G20/$B20% -> 20.69161 | V20: Erstfeld | W20: 1772 | X20: 106 | Y20: =X20/W20% -> 5.9819413 | Z20: 1518 | AA20: 36 | AB20: =AA20/Z20% -> 2.3715415 | AF20: 2133 | AG20: 24 | AH20: =AG20/AF20% -> 1.1251758 | AI20: 1940 | AJ20: 92 | AK20: =AJ20/AI20% -> 4.742268 | AM20: Erstfeld | AN20: =W20+X20 -> 1878 | AO20: =AN20/SUM($AN20+$AP20+$AR20+$AT20+$AV20)% -> 24.642435 | AP20: =Z20+AA20 -> 1554 | AQ20: =AP20/SUM($AN20+$AP20+$AR20+$AT20+$AV20)% -> 20.391025 | AT20: =AF20+AG20 -> 2157 | AU20: =AT20/SUM($AN20+$AP20+$AR20+$AT20+$AV20)% -> 28.303372 | AV20: =AI20+AJ20 -> 2032 | AW20: =AV20/SUM($AN20+$AP20+$AR20+$AT20+$AV20)% -> 26.663168 | AY20: =SUM(AS20+AW20+AU20+AQ20+AO20) -> 100
A21: Schattdorf | B21: ='6.2 Freie Listen'!R9*9 -> 3690 | C21: 1154 | D21: 851 | E21: 180 | F21: 443 | G21: 497 | H21: =B21-C21-D21-E21-F21-G21 -> 565 | J21: Schattdorf | K21: ='722 Verteilung Gden'!G56 -> 38.290706 | L21: =C21/B21% -> 31.273713 | M21: ='722 Verteilung Gden'!G57 -> 19.365152 | N21: =D21/$B21% -> 23.062331 | O21: ='722 Verteilung Gden'!G58 -> 5.1667047 | P21: =E21/$B21% -> 4.8780488 | Q21: ='722 Verteilung Gden'!G59 -> 13.461978 | R21: =F21/$B21% -> 12.00542 | S21: ='722 Verteilung Gden'!G60 -> 23.71546 | T21: =G21/$B21% -> 13.468835 | V21: Schattdorf | W21: 5979 | X21: 728 | Y21: =X21/W21% -> 12.175949 | Z21: 3268 | AA21: 124 | AB21: =AA21/Z21% -> 3.7943696 | AC21: 724 | AD21: 181 | AE21: =AD21/AC21% -> 25 | AF21: 2279 | AG21: 79 | AH21: =AG21/AF21% -> 3.4664326 | AI21: 3921 | AJ21: 233 | AK21: =AJ21/AI21% -> 5.9423616 | AM21: Schattdorf | AN21: =W21+X21 -> 6707 | AO21: =AN21/SUM($AN21+$AP21+$AR21+$AT21+$AV21)% -> 38.290706 | AP21: =Z21+AA21 -> 3392 | AQ21: =AP21/SUM($AN21+$AP21+$AR21+$AT21+$AV21)% -> 19.365152 | AR21: =AC21+AD21 -> 905 | AS21: =AR21/SUM($AN21+$AP21+$AR21+$AT21+$AV21)% -> 5.1667047 | AT21: =AF21+AG21 -> 2358 | AU21: =AT21/SUM($AN21+$AP21+$AR21+$AT21+$AV21)% -> 13.461978 | AV21: =AI21+AJ21 -> 4154 | AW21: =AV21/SUM($AN21+$AP21+$AR21+$AT21+$AV21)% -> 23.71546 | AY21: =SUM(AS21+AW21+AU21+AQ21+AO21) -> 100
A23: Total | B23: =SUM(B18:B21) -> 14910 | C23: =SUM(C18:C22) -> 4241 | D23: =SUM(D18:D22) -> 2969 | E23: =SUM(E18:E22) -> 1356 | F23: =SUM(F18:F22) -> 1920 | G23: =SUM(G18:G22) -> 2025 | H23: =SUM(H18:H22) -> 2399 | J23: Total | K23: ='722 Verteilung Gden'!V37 -> 31.985584 | L23: =C23/B23% -> 28.443997 | M23: ='722 Verteilung Gden'!V38 -> 17.71409 | N23: =D23/$B23% -> 19.91281 | O23: ='722 Verteilung Gden'!V39 -> 9.8301013 | P23: =E23/$B23% -> 9.0945674 | Q23: ='722 Verteilung Gden'!V40 -> 18.863909 | R23: =F23/$B23% -> 12.877264 | S23: ='722 Verteilung Gden'!V41 -> 21.606315 | T23: =G23/$B23% -> 13.581489 | V23: Total | W23: =SUM(W18:W21) -> 25952 | X23: =SUM(X18:X22) -> 2005 | Y23: =X23/W23% -> 7.7258015 | Z23: =SUM(Z18:Z22) -> 14710 | AA23: =SUM(AA18:AA22) -> 773 | AB23: =AA23/Z23% -> 5.2549286 | AC23: =SUM(AC18:AC22) -> 7892 | AD23: =SUM(AD18:AD22) -> 700 | AE23: =AD23/AC23% -> 8.8697415 | AF23: =SUM(AF18:AF21) -> 15926 | AG23: =SUM(AG18:AG22) -> 562 | AH23: =AG23/AF23% -> 3.5288208 | AI23: =SUM(AI18:AI22) -> 17622 | AJ23: =SUM(AJ18:AJ22) -> 1263 | AK23: =AJ23/AI23% -> 7.1671774 | AM23: Total | AN23: =SUM(AN18:AN21) -> 27957 | AO23: =AN23/SUM($AN23+$AP23+$AR23+$AT23+$AV23)% -> 31.985584 | AP23: =SUM(AP18:AP21) -> 15483 | AQ23: =AP23/SUM($AN23+$AP23+$AR23+$AT23+$AV23)% -> 17.71409 | AR23: =SUM(AR18:AR21) -> 8592 | AS23: =AR23/SUM($AN23+$AR23+$AP23+$AT23+$AV23)% -> 9.8301013 | AT23: =SUM(AT18:AT21) -> 16488 | AU23: =AT23/SUM($AN23+$AP23+$AR23+$AT23+$AV23)% -> 18.863909 | AV23: =SUM(AV18:AV21) -> 18885 | AW23: =AV23/SUM($AN23+$AP23+$AR23+$AT23+$AV23)% -> 21.606315
A24: fertig | J24: fertig | V24: fertig | W24: =W23+X23 -> 27957 | Z24: =Z23+AA23 -> 15483 | AC24: =AC23+AD23 -> 8592 | AF24: =AF23+AG23 -> 16488 | AI24: =AI23+AJ23 -> 18885 | AM24: fertig
C27: =B18-H18 -> 5885

Sheet 722 Verteilung Gden
A1: Listenstimmen Total | F1: 2020 manuell
A2: Partei | B2: Parteistärke | H2: Sitze | P2: Partei | Q2: Parteistärke | W2: Sitze
B3: 2012 | D3: 2016 | F3: 2020 | H3: 2012 | J3: 2016 | L3: 2020 | Q3: 2012 | S3: 2016 | U3: 2020 | W3: =Q3 -> 2012 | Y3: =S3 -> 2016 | AA3: =U3 -> 2020
B4: abs. | C4: % | D4: abs. | E4: % | F4: abs. | G4: % | H4: abs. | I4: % | J4: abs. | K4: % | L4: abs. | M4: % | Q4: abs. | R4: % | S4: abs. | T4: % | U4: abs. | V4: % | W4: abs. | X4: % | Y4: abs. | Z4: % | AA4: abs. | AB4: %
A6: Altdorf | P6: CVP | Q6: =SUMIF($A$7:$A$25,P6,B$7:B$25) -> 26311 | R6: =Q6/SUM(Q$6:Q$9)% -> 34.606532 | S6: =SUMIF($A$7:$A$25,$P6,D$7:D$25) -> 29070 | T6: =S6/SUM(S$6:S$9)% -> 30.666174 | U6: =SUMIF($A$7:$A$25,$P6,F$7:F$25) -> 21396 | V6: =U6/SUM(U$6:U$9)% -> 30.708729 | W6: =SUMIF($A$7:$A$25,$P6,H$7:H$25) -> 13 | X6: =W6/SUM(W$6:W$9)% -> 35.135135 | Y6: =SUMIF($A$7:$A$25,$P6,J$7:J$25) -> 12 | Z6: =Y6/SUM(Y$6:Y$9)% -> 32.432432 | AA6: =SUMIF($A$7:$A$25,$P6,L$7:L$25) -> 12 | AB6: =AA6/SUM(AA$6:AA$9)% -> 32.432432
A7: CVP | B7: 15560 | C7: 34.942735 | D7: 16586 | E7: 30.68924 | F7: 11471 | G7: =F7/SUM(F$7:F$10)% -> 28.430158 | H7: 5 | I7: 33.333333 | J7: 5 | K7: 33.333333 | L7: 5 | M7: =L7/SUM(L$7:L$10)% -> 33.333333 | P7: FDP | Q7: =SUMIF($A$7:$A$25,P7,B$7:B$25) -> 15115 | R7: =Q7/SUM(Q$6:Q$9)% -> 19.880572 | S7: =SUMIF($A$7:$A$25,$P7,D$7:D$25) -> 19065 | T7: =S7/SUM(S$6:S$9)% -> 20.11182 | U7: =SUMIF($A$7:$A$25,$P7,F$7:F$25) -> 14687 | V7: =U7/SUM(U$6:U$9)% -> 21.079599 | W7: =SUMIF($A$7:$A$25,$P7,H$7:H$25) -> 6 | X7: =W7/SUM(W$6:W$9)% -> 16.216216 | Y7: =SUMIF($A$7:$A$25,$P7,J$7:J$25) -> 7 | Z7: =Y7/SUM(Y$6:Y$9)% -> 18.918919 | AA7: =SUMIF($A$7:$A$25,$P7,L$7:L$25) -> 7 | AB7: =AA7/SUM(AA$6:AA$9)% -> 18.918919
A8: FDP | B8: 10392 | C8: 23.337076 | D8: 11434 | E8: 21.156444 | F8: 9213 | G8: =F8/SUM(F$7:F$10)% -> 22.833846 | H8: 3 | I8: 20 | J8: 3 | K8: 20 | L8: 3 | M8: =L8/SUM(L$7:L$10)% -> 20 | P8: SP/GB | Q8: =SUMIF($A$7:$A$25,P8,B$7:B$25) -> 17224 | R8: =Q8/SUM(Q$6:Q$9)% -> 22.654513 | S8: =SUMIF($A$7:$A$25,$P8,D$7:D$25) -> 22578 | T8: =S8/SUM(S$6:S$9)% -> 23.817712 | U8: =SUMIF($A$7:$A$25,$P8,F$7:F$25) -> 17819 | V8: =U8/SUM(U$6:U$9)% -> 25.57482 | W8: =SUMIF($A$7:$A$25,$P8,H$7:H$25) -> 9 | X8: =W8/SUM(W$6:W$9)% -> 24.324324 | Y8: =SUMIF($A$7:$A$25,$P8,J$7:J$25) -> 8 | Z8: =Y8/SUM(Y$6:Y$9)% -> 21.621622 | AA8: =SUMIF($A$7:$A$25,$P8,L$7:L$25) -> 9 | AB8: =AA8/SUM(AA$6:AA$9)% -> 24.324324
A9: SP/GB | B9: 10534 | C9: 23.655962 | D9: 14462 | E9: 26.759182 | F9: 11908 | G9: =F9/SUM(F$7:F$10)% -> 29.513235 | H9: 4 | I9: 26.666667 | J9: 4 | K9: 26.666667 | L9: 4 | M9: =L9/SUM(L$7:L$10)% -> 26.666667 | P9: SVP | Q9: =SUMIF($A$7:$A$25,P9,B$7:B$25) -> 17379 | R9: =Q9/SUM(Q$6:Q$9)% -> 22.858383 | S9: =SUMIF($A$7:$A$25,$P9,D$7:D$25) -> 24082 | T9: =S9/SUM(S$6:S$9)% -> 25.404293 | U9: =SUMIF($A$7:$A$25,$P9,F$7:F$25) -> 15772 | V9: =U9/SUM(U$6:U$9)% -> 22.636852 | W9: =SUMIF($A$7:$A$25,$P9,H$7:H$25) -> 9 | X9: =W9/SUM(W$6:W$9)% -> 24.324324 | Y9: =SUMIF($A$7:$A$25,$P9,J$7:J$25) -> 10 | Z9: =Y9/SUM(Y$6:Y$9)% -> 27.027027 | AA9: =SUMIF($A$7:$A$25,$P9,L$7:L$25) -> 9 | AB9: =AA9/SUM(AA$6:AA$9)% -> 24.324324
A10: SVP | B10: 8044 | C10: 18.064226 | D10: 11563 | E10: 21.395134 | F10: 7756 | G10: =F10/SUM(F$7:F$10)% -> 19.222762 | H10: 3 | I10: 20 | J10: 3 | K10: 20 | L10: 3 | M10: =L10/SUM(L$7:L$10)% -> 20
A11: Bürglen | P11: Total | Q11: =SUM(Q6:Q10) -> 76029 | S11: =SUM(S6:S10) -> 94795 | U11: =SUM(U6:U10) -> 69674 | W11: =SUM(W6:W10) -> 37 | Y11: =SUM(Y6:Y10) -> 37 | AA11: =SUM(AA6:AA10) -> 37
A12: CVP | B12: 3562 | C12: 36.559581 | D12: 3567 | E12: 29.016513 | F12: 2822 | G12: =F12/SUM(F$12:F$15)% -> 31.565996 | H12: 3 | I12: 42.857143 | J12: 2 | K12: 28.571429 | L12: 2 | M12: =L12/SUM(L$12:L$15)% -> 28.571429
A13: FDP | B13: 1156 | C13: 11.864929 | D13: 2272 | E13: 18.482063 | F13: 1567 | G13: =F13/SUM(F$12:F$15)% -> 17.527964 | H13: 1 | I13: 14.285714 | J13: 1 | K13: 14.285714 | L13: 1 | M13: =L13/SUM(L$12:L$15)% -> 14.285714
A14: SP/GB | B14: 1948 | C14: 19.993842 | D14: 2465 | E14: 20.052062 | F14: 1606 | G14: =F14/SUM(F$12:F$15)% -> 17.964206 | H14: 1 | I14: 14.285714 | J14: 1 | K14: 14.285714 | L14: 1 | M14: =L14/SUM(L$12:L$15)% -> 14.285714
A15: SVP | B15: 3077 | C15: 31.581648 | D15: 3989 | E15: 32.449361 | F15: 2945 | G15: =F15/SUM(F$12:F$15)% -> 32.941834 | H15: 2 | I15: 28.571429 | J15: 3 | K15: 42.857143 | L15: 3 | M15: =L15/SUM(L$12:L$15)% -> 42.857143
A16: Erstfeld
A17: CVP | B17: 2106 | C17: 30.072826 | D17: 2630 | E17: 30.16055 | F17: 2309 | G17: =F17/SUM(F$17:F$20)% -> 35.34364 | H17: 2 | I17: 33.333333 | J17: 2 | K17: 33.333333 | L17: 2 | M17: =L17/SUM(L$17:L$20)% -> 33.333333
A18: FDP | B18: 1214 | C18: 17.335428 | D18: 1425 | E18: 16.341743 | F18: 946 | G18: =F18/SUM(F$17:F$20)% -> 14.480331 | H18: 1 | I18: 16.666667 | J18: 1 | K18: 16.666667 | L18: 1 | M18: =L18/SUM(L$17:L$20)% -> 16.666667
A19: SP/GB | B19: 2110 | C19: 30.129944 | D19: 2342 | E19: 26.857798 | F19: 1705 | G19: =F19/SUM(F$17:F$20)% -> 26.09827 | H19: 2 | I19: 33.333333 | J19: 2 | K19: 33.333333 | L19: 2 | M19: =L19/SUM(L$17:L$20)% -> 33.333333
A20: SVP | B20: 1573 | C20: 22.461802 | D20: 2323 | E20: 26.639908 | F20: 1573 | G20: =F20/SUM(F$17:F$20)% -> 24.077759 | H20: 1 | I20: 16.666667 | J20: 1 | K20: 16.666667 | L20: 1 | M20: =L20/SUM(L$17:L$20)% -> 16.666667
A21: Schattdorf
A22: CVP | B22: 5083 | C22: 34.454009 | D22: 6287 | E22: 31.853879 | F22: 4794 | G22: =F22/SUM(F$22:F$25)% -> 34.606222 | H22: 3 | I22: 33.333333 | J22: 3 | K22: 33.333333 | L22: 3 | M22: =L22/SUM(L$22:L$25)% -> 33.333333
A23: FDP | B23: 2353 | C23: 15.949298 | D23: 3934 | E23: 19.932107 | F23: 2961 | G23: =F23/SUM(F$22:F$25)% -> 21.374432 | H23: 1 | I23: 11.111111 | J23: 2 | K23: 22.222222 | L23: 2 | M23: =L23/SUM(L$22:L$25)% -> 22.222222
A24: SP/GB | B24: 2632 | C24: 17.840439 | D24: 3309 | E24: 16.765466 | F24: 2600 | G24: =F24/SUM(F$22:F$25)% -> 18.768498 | H24: 2 | I24: 22.222222 | J24: 1 | K24: 11.111111 | L24: 2 | M24: =L24/SUM(L$22:L$25)% -> 22.222222
A25: SVP | B25: 4685 | C25: 31.756253 | D25: 6207 | E25: 31.448548 | F25: 3498 | G25: =F25/SUM(F$22:F$25)% -> 25.250848 | H25: 3 | I25: 33.333333 | J25: 3 | K25: 33.333333 | L25: 2 | M25: =L25/SUM(L$22:L$25)% -> 22.222222
A27: Total | B27: 76029 | D27: 94795 | F27: =SUM(F6:F26) -> 69674 | H27: =SUM(H6:H26) -> 37 | J27: =SUM(J6:J26) -> 37 | L27: =SUM(L6:L26) -> 37
A32: Listenstimmen Total | F32: 2024 manuell
A33: Partei | B33: Parteistärke | H33: Sitze | P33: Partei | Q33: Parteistärke | W33: Sitze
B34: 2016 | D34: 2020 | F34: 2024 | H34: 2016 | J34: 2020 | L34: 2024 | Q34: 2016 | S34: 2020 | U34: 2024 | W34: =Q34 -> 2016 | Y34: =S34 -> 2020 | AA34: =U34 -> 2024
B35: abs. | C35: % | D35: abs. | E35: % | F35: abs. | G35: % | H35: abs. | I35: % | J35: abs. | K35: % | L35: abs. | M35: % | Q35: abs. | R35: % | S35: abs. | T35: % | U35: abs. | V35: % | W35: abs. | X35: % | Y35: abs. | Z35: % | AA35: abs. | AB35: %
A37: Altdorf | P37: CVP | Q37: 29070 | R37: 30.666174 | S37: 21396 | T37: 30.708729 | U37: =SUMIF($A$38:$A$60,$P37,F$38:F$60) -> 27957 | V37: =U37/SUM(U$37:U$41)% -> 31.985584 | W37: 12 | X37: 32.432432 | Y37: 12 | Z37: 32.432432 | AA37: =SUMIF($A$38:$A$60,$P37,L$38:L$60) -> 11 | AB37: =AA37/SUM(AA$37:AA$41)% -> 29.72973
A38: CVP | B38: 16586 | C38: 30.68924 | D38: 11471 | E38: 28.4 | F38: 16500 | G38: =F38/SUM(F$38:F$42)% -> 32.113663 | H38: 5 | I38: 33.333333 | J38: 5 | K38: =J38/SUM(J$7:J$10)% -> 33.333333 | L38: 4 | M38: =L38/SUM(L$38:L$42)% -> 26.666667 | P38: FDP | Q38: 19065 | R38: 20.11182 | S38: 14687 | T38: 21.079599 | U38: =SUMIF($A$38:$A$60,$P38,F$38:F$60) -> 15483 | V38: =U38/SUM(U$37:U$41)% -> 17.71409 | W38: 7 | X38: 18.918919 | Y38: 7 | Z38: 18.918919 | AA38: =SUMIF($A$38:$A$60,$P38,L$38:L$60) -> 7 | AB38: =AA38/SUM(AA$37:AA$41)% -> 18.918919
A39: FDP | B39: 11434 | C39: 21.156444 | D39: 9213 | E39: 22.8 | F39: 8936 | G39: =F39/SUM(F$38:F$42)% -> 17.391981 | H39: 3 | I39: 20 | J39: 3 | K39: =J39/SUM(J$7:J$10)% -> 20 | L39: 3 | M39: =L39/SUM(L$38:L$42)% -> 20 | P39: GLP | U39: =SUMIF($A$38:$A$60,$P39,F$38:F$60) -> 8592 | V39: =U39/SUM(U$37:U$41)% -> 9.8301013 | AA39: =SUMIF($A$38:$A$60,$P39,L$38:L$60) -> 3 | AB39: =AA39/SUM(AA$37:AA$41)% -> 8.1081081
A40: GLP | F40: 6468 | G40: =F40/SUM(F$38:F$42)% -> 12.588556 | L40: 2 | M40: =L40/SUM(L$38:L$42)% -> 13.333333 | P40: SP/GB | Q40: 22578 | R40: 23.817712 | S40: 17819 | T40: 25.57482 | U40: =SUMIF($A$38:$A$60,$P40,F$38:F$60) -> 16488 | V40: =U40/SUM(U$37:U$41)% -> 18.863909 | W40: 8 | X40: 21.621622 | Y40: 9 | Z40: 24.324324 | AA40: =SUMIF($A$38:$A$60,$P40,L$38:L$60) -> 7 | AB40: =AA40/SUM(AA$37:AA$41)% -> 18.918919
A41: SP/GB | B41: 14462 | C41: 26.759182 | D41: 11908 | E41: 29.5 | F41: 10578 | G41: =F41/SUM(F$38:F$42)% -> 20.587777 | H41: 4 | I41: 26.666667 | J41: 4 | K41: =J41/SUM(J$7:J$10)% -> 26.666667 | L41: 3 | M41: =L41/SUM(L$38:L$42)% -> 20 | P41: SVP | Q41: 24082 | R41: 25.404293 | S41: 15772 | T41: 22.636852 | U41: =SUMIF($A$38:$A$60,$P41,F$38:F$60) -> 18885 | V41: =U41/SUM(U$37:U$41)% -> 21.606315 | W41: 10 | X41: 27.027027 | Y41: 9 | Z41: 24.324324 | AA41: =SUMIF($A$38:$A$60,$P41,L$38:L$60) -> 9 | AB41: =AA41/SUM(AA$37:AA$41)% -> 24.324324
A42: SVP | B42: 11563 | C42: 21.395134 | D42: 7756 | E42: 19.2 | F42: 8898 | G42: =F42/SUM(F$38:F$42)% -> 17.318023 | H42: 3 | I42: 20 | J42: 3 | K42: =J42/SUM(J$7:J$10)% -> 20 | L42: 3 | M42: =L42/SUM(L$38:L$42)% -> 20
A43: Bürglen | P43: Total | Q43: =SUM(Q37:Q42) -> 94795 | S43: =SUM(S37:S42) -> 69674 | U43: =SUM(U37:U42) -> 87405 | W43: =SUM(W37:W42) -> 37 | Y43: =SUM(Y37:Y42) -> 37 | AA43: =SUM(AA37:AA42) -> 37
A44: CVP | B44: 3567 | C44: 29.016513 | D44: 2822 | E44: 31.6 | F44: 2872 | G44: =F44/SUM(F$44:F$48)% -> 26.377663 | H44: 2 | I44: 28.571429 | J44: 2 | K44: =J44/SUM(J$12:J$15)% -> 28.571429 | L44: 2 | M44: =L44/SUM(L$44:L$48)% -> 28.571429 | P44: fertig
A45: FDP | B45: 2272 | C45: 18.482063 | D45: 1567 | E45: 17.5 | F45: 1601 | G45: =F45/SUM(F$44:F$48)% -> 14.704262 | H45: 1 | I45: 14.285714 | J45: 1 | K45: =J45/SUM(J$12:J$15)% -> 14.285714 | L45: 1 | M45: =L45/SUM(L$44:L$48)% -> 14.285714
A46: GLP | F46: 1219 | G46: =F46/SUM(F$44:F$48)% -> 11.195812 | L46: 1 | M46: =L46/SUM(L$44:L$48)% -> 14.285714 | U46: =U43-27957-16488-15483-8592-18885 -> 0
A47: SP/GB | B47: 2465 | C47: 20.052062 | D47: 1606 | E47: 18 | F47: 1395 | G47: =F47/SUM(F$44:F$48)% -> 12.81227 | H47: 1 | I47: 14.285714 | J47: 1 | K47: =J47/SUM(J$12:J$15)% -> 14.285714 | L47: 1 | M47: =L47/SUM(L$44:L$48)% -> 14.285714
A48: SVP | B48: 3989 | C48: 32.449361 | D48: 2945 | E48: 32.9 | F48: 3801 | G48: =F48/SUM(F$44:F$48)% -> 34.909993 | H48: 3 | I48: 42.857143 | J48: 3 | K48: =J48/SUM(J$12:J$15)% -> 42.857143 | L48: 2 | M48: =L48/SUM(L$44:L$48)% -> 28.571429
A49: Erstfeld
A50: CVP | B50: 2630 | C50: 30.16055 | D50: 2309 | E50: 35.3 | F50: 1878 | G50: =F50/SUM(F$50:F$54)% -> 24.642435 | H50: 2 | I50: 33.333333 | J50: 2 | K50: =J50/SUM(J$17:J$20)% -> 33.333333 | L50: 1 | M50: =L50/SUM(L$50:L$54)% -> 16.666667
A51: FDP | B51: 1425 | C51: 16.341743 | D51: 946 | E51: 14.5 | F51: 1554 | G51: =F51/SUM(F$50:F$54)% -> 20.391025 | H51: 1 | I51: 16.666667 | J51: 1 | K51: =J51/SUM(J$17:J$20)% -> 16.666667 | L51: 1 | M51: =L51/SUM(L$50:L$54)% -> 16.666667
A52: GLP
A53: SP/GB | B53: 2342 | C53: 26.857798 | D53: 1705 | E53: 26.1 | F53: 2157 | G53: =F53/SUM(F$50:F$54)% -> 28.303372 | H53: 2 | I53: 33.333333 | J53: 2 | K53: =J53/SUM(J$17:J$20)% -> 33.333333 | L53: 2 | M53: =L53/SUM(L$50:L$54)% -> 33.333333
A54: SVP | B54: 2323 | C54: 26.639908 | D54: 1573 | E54: 24.1 | F54: 2032 | G54: =F54/SUM(F$50:F$54)% -> 26.663168 | H54: 1 | I54: 16.666667 | J54: 1 | K54: =J54/SUM(J$17:J$20)% -> 16.666667 | L54: 2 | M54: =L54/SUM(L$50:L$54)% -> 33.333333
A55: Schattdorf
A56: CVP | B56: 6287 | C56: 31.853879 | D56: 4794 | E56: 34.6 | F56: 6707 | G56: =F56/SUM(F$56:F$60)% -> 38.290706 | H56: 3 | I56: 33.333333 | J56: 3 | K56: =J56/SUM(J$22:J$25)% -> 33.333333 | L56: 4 | M56: =L56/SUM(L$56:L$60)% -> 44.444444
A57: FDP | B57: 3934 | C57: 19.932107 | D57: 2961 | E57: 21.4 | F57: 3392 | G57: =F57/SUM(F$56:F$60)% -> 19.365152 | H57: 2 | I57: 22.222222 | J57: 2 | K57: =J57/SUM(J$22:J$25)% -> 22.222222 | L57: 2 | M57: =L57/SUM(L$56:L$60)% -> 22.222222
A58: GLP | F58: 905 | G58: =F58/SUM(F$56:F$60)% -> 5.1667047 | L58: 0 | M58: =L58/SUM(L$56:L$60)% -> 0
A59: SP/GB | B59: 3309 | C59: 16.765466 | D59: 2600 | E59: 18.8 | F59: 2358 | G59: =F59/SUM(F$56:F$60)% -> 13.461978 | H59: 1 | I59: 11.111111 | J59: 2 | K59: =J59/SUM(J$22:J$25)% -> 22.222222 | L59: 1 | M59: =L59/SUM(L$56:L$60)% -> 11.111111
A60: SVP | B60: 6207 | C60: 31.448548 | D60: 3498 | E60: 25.3 | F60: 4154 | G60: =F60/SUM(F$56:F$60)% -> 23.71546 | H60: 3 | I60: 33.333333 | J60: 2 | K60: =J60/SUM(J$22:J$25)% -> 22.222222 | L60: 2 | M60: =L60/SUM(L$56:L$60)% -> 22.222222
A62: Total | B62: 94795 | D62: =SUM(D37:D61) -> 69674 | F62: =SUM(F37:F61) -> 87405 | H62: =SUM(H37:H61) -> 37 | J62: =SUM(J37:J61) -> 37 | L62: =SUM(L37:L61) -> 37
F64: Zahlen aus Formular 3b (pro Gemeinde) bei Parteistimmen Total (zweithinterste Spalte)

Sheet 8.1 Panaschieren
A1: 2020 | L1: 2024 | M1: aus Formular 3b --> fertig
A2: CVP | L2: CVP
A3: Gemeinde | B3: Listen-stimmen | C3: Gewinne von | F3: Verluste an | I3: Saldo | L3: Gemeinde | M3: Listen-stimmen | N3: Gewinne von | R3: Verluste an | V3: Saldo
C4: FDP | D4: SP/GB | E4: SVP | F4: FDP | G4: SP/GB | H4: SVP | I4: abs. | J4: in % | N4: FDP | O4: GLP | P4: SP/GB | Q4: SVP | R4: FDP | S4: GLP | T4: SP/GB | U4: SVP | V4: abs. | W4: in %
A6: Altdorf | B6: ='722 Verteilung Gden'!F7 -> 11471 | C6: 819 | D6: 639 | E6: 233 | F6: =C18 -> 809 | G6: =C42 -> 580 | H6: =C55 -> 217 | I6: =C6+D6+E6-F6-G6-H6 -> 85 | J6: =I6/B6% -> 0.74099904 | L6: Altdorf | M6: ='722 Verteilung Gden'!F38 -> 16500 | N6: 564 | O6: 494 | P6: 504 | Q6: 246 | R6: =N18 -> 809 | S6: =N30 -> 442 | T6: =N42 -> 380 | U6: =N55 -> 280 | V6: =N6+O6+P6+Q6-R6-S6-T6-U6 -> -103 | W6: =V6/M6% -> -0.62424242
A7: Bürglen | B7: ='722 Verteilung Gden'!F12 -> 2822 | C7: 71 | D7: 102 | E7: 141 | F7: =C19 -> 140 | G7: =C44 -> 99 | H7: =C56 -> 111 | I7: =C7+D7+E7-F7-G7-H7 -> -36 | J7: =I7/B7% -> -1.275691 | L7: Bürglen | M7: ='722 Verteilung Gden'!F44 -> 2872 | N7: 82 | O7: 58 | P7: 58 | Q7: 144 | R7: =N19 -> 125 | S7: =N31 -> 112 | T7: =N44 -> 58 | U7: =N56 -> 85 | V7: =N7+O7+P7+Q7-R7-S7-T7-U7 -> -38 | W7: =V7/M7% -> -1.3231198
A8: Erstfeld | B8: ='722 Verteilung Gden'!F17 -> 2309 | C8: 47 | D8: 89 | E8: 113 | F8: =C20 -> 65 | G8: =C45 -> 59 | H8: =C57 -> 108 | I8: =C8+D8+E8-F8-G8-H8 -> 17 | J8: =I8/B8% -> 0.73624946 | L8: Erstfeld | M8: ='722 Verteilung Gden'!F50 -> 1878 | N8: 78 | O8: 0 | P8: 64 | Q8: 86 | R8: =N20 -> 95 | S8: =N32 -> 0 | T8: =N45 -> 94 | U8: =N57 -> 63 | V8: =N8+O8+P8+Q8-R8-S8-T8-U8 -> -24 | W8: =V8/M8% -> -1.2779553
A9: Schattdorf | B9: ='722 Verteilung Gden'!F22 -> 4794 | C9: 321 | D9: 158 | E9: 195 | F9: =C21 -> 309 | G9: =C46 -> 213 | H9: =C58 -> 123 | I9: =C9+D9+E9-F9-G9-H9 -> 29 | J9: =I9/B9% -> 0.60492282 | L9: Schattdorf | M9: ='722 Verteilung Gden'!F56 -> 6707 | N9: 313 | O9: 95 | P9: 106 | Q9: 264 | R9: =N21 -> 414 | S9: =N33 -> 57 | T9: =N46 -> 165 | U9: =N58 -> 151 | V9: =N9+O9+P9+Q9-R9-S9-T9-U9 -> -9 | W9: =V9/M9% -> -0.13418816
A11: Total | B11: =SUM(B6:B9) -> 21396 | C11: =SUM(C6:C9) -> 1258 | D11: =SUM(D6:D9) -> 988 | E11: =SUM(E6:E9) -> 682 | F11: =SUM(F6:F9) -> 1323 | G11: =SUM(G6:G9) -> 951 | H11: =SUM(H6:H9) -> 559 | I11: =C11+D11+E11-F11-G11-H11 -> 95 | J11: =I11/B11% -> 0.44400823 | L11: Total | M11: =SUM(M6:M9) -> 27957 | N11: =SUM(N6:N9) -> 1037 | O11: =SUM(O6:O9) -> 647 | P11: =SUM(P6:P9) -> 732 | Q11: =SUM(Q6:Q9) -> 740 | R11: =SUM(R6:R9) -> 1443 | S11: =SUM(S6:S9) -> 611 | T11: =SUM(T6:T9) -> 697 | U11: =SUM(U6:U9) -> 579 | V11: =N11+O11+P11+Q11-R11-S11-T11-U11 -> -174 | W11: =V11/M11% -> -0.62238438
A14: FDP | L14: FDP
A15: Gemeinde | B15: Listen-stimmen | C15: Gewinne von | F15: Verluste an | I15: Saldo | L15: Gemeinde | M15: Listen-stimmen | N15: Gewinne von | R15: Verluste an | V15: Saldo
C16: CVP | D16: SP/GB | E16: SVP | F16: CVP | G16: SP/GB | H16: SVP | I16: abs. | J16: in % | N16: CVP | O16: GLP | P16: SP/GB | Q16: SVP | R16: CVP | S16: GLP | T16: SP/GB | U16: SVP | V16: abs. | W16: in %
A18: Altdorf | B18: ='722 Verteilung Gden'!F8 -> 9213 | C18: 809 | D18: 352 | E18: 186 | F18: =C6 -> 819 | G18: =D42 -> 218 | H18: =D55 -> 238 | I18: =C18+D18+E18-F18-G18-H18 -> 72 | J18: =I18/B18% -> 0.7815044 | L18: Altdorf | M18: ='722 Verteilung Gden'!F39 -> 8936 | N18: 809 | O18: 281 | P18: 217 | Q18: 173 | R18: =N6 -> 564 | S18: =O30 -> 190 | T18: =O42 -> 66 | U18: =O55 -> 159 | V18: =N18+O18+P18+Q18-R18-S18-T18-U18 -> 501 | W18: =V18/M18% -> 5.6065354
A19: Bürglen | B19: ='722 Verteilung Gden'!F13 -> 1567 | C19: 140 | D19: 63 | E19: 71 | F19: =C7 -> 71 | G19: =D44 -> 25 | H19: =D56 -> 23 | I19: =C19+D19+E19-F19-G19-H19 -> 155 | J19: =I19/B19% -> 9.8915124 | L19: Bürglen | M19: ='722 Verteilung Gden'!F45 -> 1601 | N19: 125 | O19: 47 | P19: 24 | Q19: 101 | R19: =N7 -> 82 | S19: =O31 -> 36 | T19: =O44 -> 13 | U19: =O56 -> 37 | V19: =N19+O19+P19+Q19-R19-S19-T19-U19 -> 129 | W19: =V19/M19% -> 8.0574641
A20: Erstfeld | B20: ='722 Verteilung Gden'!F18 -> 946 | C20: 65 | D20: 32 | E20: 62 | F20: =C8 -> 47 | G20: =D45 -> 5 | H20: =D57 -> 34 | I20: =C20+D20+E20-F20-G20-H20 -> 73 | J20: =I20/B20% -> 7.7167019 | L20: Erstfeld | M20: ='722 Verteilung Gden'!F51 -> 1554 | N20: 95 | O20: 0 | P20: 47 | Q20: 115 | R20: =N8 -> 78 | S20: =O32 -> 0 | T20: =O45 -> 41 | U20: =O57 -> 57 | V20: =N20+O20+P20+Q20-R20-S20-T20-U20 -> 81 | W20: =V20/M20% -> 5.2123552
A21: Schattdorf | B21: ='722 Verteilung Gden'!F23 -> 2961 | C21: 309 | D21: 60 | E21: 129 | F21: =C9 -> 321 | G21: =D46 -> 67 | H21: =D58 -> 73 | I21: =C21+D21+E21-F21-G21-H21 -> 37 | J21: =I21/B21% -> 1.2495778 | L21: Schattdorf | M21: ='722 Verteilung Gden'!F57 -> 3392 | N21: 414 | O21: 54 | P21: 24 | Q21: 158 | R21: =N9 -> 313 | S21: =O33 -> 42 | T21: =O46 -> 43 | U21: =O58 -> 78 | V21: =N21+O21+P21+Q21-R21-S21-T21-U21 -> 174 | W21: =V21/M21% -> 5.129717
A23: Total | B23: =SUM(B18:B21) -> 14687 | C23: =SUM(C18:C21) -> 1323 | D23: =SUM(D18:D21) -> 507 | E23: =SUM(E18:E21) -> 448 | F23: =SUM(F18:F21) -> 1258 | G23: =SUM(G18:G21) -> 315 | H23: =SUM(H18:H21) -> 368 | I23: =C23+D23+E23-F23-G23-H23 -> 337 | J23: =I23/B23% -> 2.2945462 | L23: Total | M23: =SUM(M18:M21) -> 15483 | N23: =SUM(N18:N21) -> 1443 | O23: =SUM(O18:O21) -> 382 | P23: =SUM(P18:P21) -> 312 | Q23: =SUM(Q18:Q21) -> 547 | R23: =SUM(R18:R21) -> 1037 | S23: =SUM(S18:S21) -> 268 | T23: =SUM(T18:T21) -> 163 | U23: =SUM(U18:U21) -> 331 | V23: =N23+O23+P23+Q23-R23-S23-T23-U23 -> 885 | W23: =V23/M23% -> 5.7159465
L26: GLP
L27: Gemeinde | M27: Listen-stimmen | N27: Gewinne von | R27: Verluste an | V27: Saldo
N28: CVP | O28: FDP | P28: SP/GB | Q28: SVP | R28: CVP | S28: FDP | T28: SP/GB | U28: SVP | V28: abs. | W28: in %
L30: Altdorf | M30: ='722 Verteilung Gden'!F40 -> 6468 | N30: 442 | O30: 190 | P30: 402 | Q30: 45 | R30: =O6 -> 494 | S30: =O18 -> 281 | T30: =P42 -> 334 | U30: =P55 -> 45 | V30: =N30+O30+P30+Q30-R30-S30-T30-U30 -> -75 | W30: =V30/M30% -> -1.1595547
L31: Bürglen | M31: ='722 Verteilung Gden'!F46 -> 1219 | N31: 112 | O31: 36 | P31: 87 | Q31: 17 | R31: =O7 -> 58 | S31: =O19 -> 47 | T31: =P44 -> 49 | U31: =P56 -> 18 | V31: =N31+O31+P31+Q31-R31-S31-T31-U31 -> 80 | W31: =V31/M31% -> 6.5627564
L32: Erstfeld | M32: ='722 Verteilung Gden'!F52 -> 0 | N32: 0 | O32: 0 | P32: 0 | Q32: 0 | R32: =O8 -> 0 | S32: =O20 -> 0 | T32: =P45 -> 0 | U32: =P57 -> 0 | V32: =N32+O32+P32+Q32-R32-S32-T32-U32 -> 0 | W32: 0
L33: Schattdorf | M33: ='722 Verteilung Gden'!F58 -> 905 | N33: 57 | O33: 42 | P33: 45 | Q33: 11 | R33: =O9 -> 95 | S33: =O21 -> 54 | T33: =P46 -> 80 | U33: =P58 -> 11 | V33: =N33+O33+P33+Q33-R33-S33-T33-U33 -> -85 | W33: =V33/M33% -> -9.3922652
L35: Total | M35: =SUM(M30:M33) -> 8592 | N35: =SUM(N30:N33) -> 611 | O35: =SUM(O30:O33) -> 268 | P35: =SUM(P30:P33) -> 534 | Q35: =SUM(Q30:Q33) -> 73 | R35: =SUM(R30:R33) -> 647 | S35: =SUM(S30:S33) -> 382 | T35: =SUM(T30:T33) -> 463 | U35: =SUM(U30:U33) -> 74 | V35: =N35+O35+P35+Q35-R35-S35-T35-U35 -> -80 | W35: =V35/M35% -> -0.9310987
A38: SP/GB | L38: SP/GB
A39: Gemeinde | B39: Listen-stimmen | C39: Gewinne von | F39: Verluste an | I39: Saldo | L39: Gemeinde | M39: Listen-stimmen | N39: Gewinne von | R39: Verluste an | V39: Saldo
C40: CVP | D40: FDP | E40: SVP | F40: CVP | G40: FDP | H40: SVP | I40: abs. | J40: in % | N40: CVP | O40: FDP | P40: GLP | Q40: SVP | R40: CVP | S40: FDP | T40: GLP | U40: SVP | V40: abs. | W40: in %
A42: Altdorf | B42: ='722 Verteilung Gden'!F9 -> 11908 | C42: 580 | D42: 218 | E42: 52 | F42: =D6 -> 639 | G42: =D18 -> 352 | H42: =E55 -> 35 | I42: =C42+D42+E42-F42-G42-H42 -> -176 | J42: =I42/B42% -> -1.477998 | L42: Altdorf | M42: ='722 Verteilung Gden'!F41 -> 10578 | N42: 380 | O42: 66 | P42: 334 | Q42: 19 | R42: =P6 -> 504 | S42: =P18 -> 217 | T42: =P30 -> 402 | U42: =Q55 -> 24 | V42: =N42+O42+P42+Q42-R42-S42-T42-U42 -> -348 | W42: =V42/M42% -> -3.2898469
V43: =N43+O43+P43+Q43-R43-S43-T43-U43 -> 0
A44: Bürglen | B44: ='722 Verteilung Gden'!F14 -> 1606 | C44: 99 | D44: 25 | E44: 7 | F44: =D7 -> 102 | G44: =D19 -> 63 | H44: =E56 -> 4 | I44: =C44+D44+E44-F44-G44-H44 -> -38 | J44: =I44/B44% -> -2.366127 | L44: Bürglen | M44: ='722 Verteilung Gden'!F47 -> 1395 | N44: 58 | O44: 13 | P44: 49 | Q44: 3 | R44: =P7 -> 58 | S44: =P19 -> 24 | T44: =P31 -> 87 | U44: =Q56 -> 7 | V44: =N44+O44+P44+Q44-R44-S44-T44-U44 -> -53 | W44: =V44/M44% -> -3.7992832
A45: Erstfeld | B45: ='722 Verteilung Gden'!F19 -> 1705 | C45: 59 | D45: 5 | E45: 13 | F45: =D8 -> 89 | G45: =D20 -> 32 | H45: =E57 -> 20 | I45: =C45+D45+E45-F45-G45-H45 -> -64 | J45: =I45/B45% -> -3.7536657 | L45: Erstfeld | M45: ='722 Verteilung Gden'!F53 -> 2157 | N45: 94 | O45: 41 | P45: 0 | Q45: 54 | R45: =P8 -> 64 | S45: =P20 -> 47 | T45: =P32 -> 0 | U45: =Q57 -> 8 | V45: =N45+O45+P45+Q45-R45-S45-T45-U45 -> 70 | W45: =V45/M45% -> 3.245248
A46: Schattdorf | B46: ='722 Verteilung Gden'!F24 -> 2600 | C46: 213 | D46: 67 | E46: 21 | F46: =D9 -> 158 | G46: =D21 -> 60 | H46: =E58 -> 6 | I46: =C46+D46+E46-F46-G46-H46 -> 77 | J46: =I46/B46% -> 2.9615385 | L46: Schattdorf | M46: ='722 Verteilung Gden'!F59 -> 2358 | N46: 165 | O46: 43 | P46: 80 | Q46: 27 | R46: =P9 -> 106 | S46: =P21 -> 24 | T46: =P33 -> 45 | U46: =Q58 -> 16 | V46: =N46+O46+P46+Q46-R46-S46-T46-U46 -> 124 | W46: =V46/M46% -> 5.2586938
A48: Total | B48: =SUM(B42:B46) -> 17819 | C48: =SUM(C42:C46) -> 951 | D48: =SUM(D42:D46) -> 315 | E48: =SUM(E42:E46) -> 93 | F48: =SUM(F42:F46) -> 988 | G48: =SUM(G42:G46) -> 507 | H48: =SUM(H42:H46) -> 65 | I48: =C48+D48+E48-F48-G48-H48 -> -201 | J48: =I48/B48% -> -1.1280094 | L48: Total | M48: =SUM(M42:M46) -> 16488 | N48: =SUM(N42:N46) -> 697 | O48: =SUM(O42:O46) -> 163 | P48: =SUM(P42:P46) -> 463 | Q48: =SUM(Q42:Q46) -> 103 | R48: =SUM(R42:R46) -> 732 | S48: =SUM(S42:S46) -> 312 | T48: =SUM(T42:T46) -> 534 | U48: =SUM(U42:U46) -> 55 | V48: =N48+O48+P48+Q48-R48-S48-T48-U48 -> -207 | W48: =V48/M48% -> -1.2554585
A51: SVP | L51: SVP
A52: Gemeinde | B52: Listen-stimmen | C52: Gewinne von | F52: Verluste an | I52: Saldo | L52: Gemeinde | M52: Listen-stimmen | N52: Gewinne von | R52: Verluste an | V52: Saldo
C53: CVP | D53: FDP | E53: SP/GB | F53: CVP | G53: FDP | H53: SP/GB | I53: abs. | J53: in % | N53: CVP | O53: FDP | P53: GLP | Q53: SP/GB | R53: CVP | S53: FDP | T53: GLP | U53: SP/GB | V53: abs. | W53: in %
A55: Altdorf | B55: ='722 Verteilung Gden'!F10 -> 7756 | C55: 217 | D55: 238 | E55: 35 | F55: =E6 -> 233 | G55: =E18 -> 186 | H55: =E42 -> 52 | I55: =C55+D55+E55-F55-G55-H55 -> 19 | J55: =I55/B55% -> 0.24497163 | L55: Altdorf | M55: ='722 Verteilung Gden'!F42 -> 8898 | N55: 280 | O55: 159 | P55: 45 | Q55: 24 | R55: =Q6 -> 246 | S55: =Q18 -> 173 | T55: =Q30 -> 45 | U55: =Q42 -> 19 | V55: =N55+O55+P55+Q55-R55-S55-T55-U55 -> 25 | W55: =V55/M55% -> 0.28096201
A56: Bürglen | B56: ='722 Verteilung Gden'!F15 -> 2945 | C56: 111 | D56: 23 | E56: 4 | F56: =E7 -> 141 | G56: =E19 -> 71 | H56: =E44 -> 7 | I56: =C56+D56+E56-F56-G56-H56 -> -81 | J56: =I56/B56% -> -2.7504244 | L56: Bürglen | M56: ='722 Verteilung Gden'!F48 -> 3801 | N56: 85 | O56: 37 | P56: 18 | Q56: 7 | R56: =Q7 -> 144 | S56: =Q19 -> 101 | T56: =Q31 -> 17 | U56: =Q44 -> 3 | V56: =N56+O56+P56+Q56-R56-S56-T56-U56 -> -118 | W56: =V56/M56% -> -3.1044462
A57: Erstfeld | B57: ='722 Verteilung Gden'!F20 -> 1573 | C57: 108 | D57: 34 | E57: 20 | F57: =E8 -> 113 | G57: =E20 -> 62 | H57: =E45 -> 13 | I57: =C57+D57+E57-F57-G57-H57 -> -26 | J57: =I57/B57% -> -1.6528926 | L57: Erstfeld | M57: ='722 Verteilung Gden'!F54 -> 2032 | N57: 63 | O57: 57 | P57: 0 | Q57: 8 | R57: =Q8 -> 86 | S57: =Q20 -> 115 | T57: =Q32 -> 0 | U57: =Q45 -> 54 | V57: =N57+O57+P57+Q57-R57-S57-T57-U57 -> -127 | W57: =V57/M57% -> -6.25
A58: Schattdorf | B58: ='722 Verteilung Gden'!F25 -> 3498 | C58: 123 | D58: 73 | E58: 6 | F58: =E9 -> 195 | G58: =E21 -> 129 | H58: =E46 -> 21 | I58: =C58+D58+E58-F58-G58-H58 -> -143 | J58: =I58/B58% -> -4.0880503 | L58: Schattdorf | M58: ='722 Verteilung Gden'!F60 -> 4154 | N58: 151 | O58: 78 | P58: 11 | Q58: 16 | R58: =Q9 -> 264 | S58: =Q21 -> 158 | T58: =Q33 -> 11 | U58: =Q46 -> 27 | V58: =N58+O58+P58+Q58-R58-S58-T58-U58 -> -204 | W58: =V58/M58% -> -4.9109292
A60: Total | B60: =SUM(B55:B58) -> 15772 | C60: =SUM(C55:C58) -> 559 | D60: =SUM(D55:D58) -> 368 | E60: =SUM(E55:E58) -> 65 | F60: =SUM(F55:F58) -> 682 | G60: =SUM(G55:G58) -> 448 | H60: =SUM(H55:H58) -> 93 | I60: =C60+D60+E60-F60-G60-H60 -> -231 | J60: =I60/B60% -> -1.4646208 | L60: Total | M60: =SUM(M55:M58) -> 18885 | N60: =SUM(N55:N58) -> 579 | O60: =SUM(O55:O58) -> 331 | P60: =SUM(P55:P58) -> 74 | Q60: =SUM(Q55:Q58) -> 55 | R60: =SUM(R55:R58) -> 740 | S60: =SUM(S55:S58) -> 547 | T60: =SUM(T55:T58) -> 73 | U60: =SUM(U55:U58) -> 103 | V60: =N60+O60+P60+Q60-R60-S60-T60-U60 -> -424 | W60: =V60/M60% -> -2.2451681

Sheet 8.2 Kumulieren
A1: Zahlen "Stimmen" kommen aus Formular 5b, Rest kommt aus dem Formular 3c (pro Gemeinde), % = Anteil kumulierte Stimmen auf anderen Listen an der Gesamtstimmenzahl (Formel hinterlegt)
A3: Altdorf, CVP | B3: Name | C3: Stimmen | D3: Kumulierte Kandidatenstimmen auf Listen der | K3: FDP | L3: Name | M3: Stimmen | N3: Kumulierte Kandidatenstimmen auf Listen der | U3: GLP | V3: Name | W3: Stimmen | X3: Kumulierte Kandidatenstimmen auf Listen der | AE3: SP/GB | AF3: Name | AG3: Stimmen | AH3: Kumulierte Kandidatenstimmen auf Listen der | AO3: SVP | AP3: Name | AQ3: Stimmen | AR3: Kumulierte Kandidatenstimmen auf Listen der
D4: FDP | E4: GLP | F4: SP/GB | G4: SVP | H4: FL | I4: Total | J4: in % | N4: CVP | O4: GLP | P4: SP/GB | Q4: SVP | R4: FL | S4: Total | T4: in % | X4: CVP | Y4: FDP | Z4: SP/GB | AA4: SVP | AB4: FL | AC4: Total | AD4: in % | AH4: CVP | AI4: FDP | AJ4: GLP | AK4: SVP | AL4: FL | AM4: Total | AN4: in % | AR4: CVP | AS4: FDP | AT4: GLP | AU4: SP/GB | AV4: FL | AW4: Total | AX4: in %
B6: Huber Céline | C6: 2424 | D6: 90 | E6: 54 | F6: 62 | G6: 38 | H6: 242 | I6: =SUM(D6:H6) -> 486 | J6: =I6/C6% -> 20.049505 | L6: Tarelli Dori | M6: 1558 | N6: 92 | O6: 42 | P6: 46 | Q6: 14 | R6: 150 | S6: =SUM(N6:R6) -> 344 | T6: =S6/M6% -> 22.079589 | V6: Baumann Noel | W6: 1140 | X6: 58 | Y6: 34 | Z6: 76 | AA6: 10 | AB6: 140 | AC6: =SUM(X6:AB6) -> 318 | AD6: =AC6/W6% -> 27.894737 | AF6: Schmidt Valentin | AG6: 1452 | AH6: 28 | AI6: 0 | AJ6: 30 | AK6: 0 | AL6: 82 | AM6: =SUM(AH6:AL6) -> 140 | AN6: =AM6/AG6% -> 9.6418733 | AP6: von Mentlen Michael | AQ6: 1232 | AR6: 22 | AS6: 16 | AT6: 8 | AU6: 2 | AV6: 72 | AW6: =SUM(AR6:AV6) -> 120 | AX6: =AW6/AQ6% -> 9.7402597
B7: Arnold Barengo Michael | C7: 1502 | D7: 22 | E7: 22 | F7: 36 | G7: 8 | H7: 112 | I7: =SUM(D7:H7) -> 200 | J7: =I7/C7% -> 13.315579 | L7: Muheim Quick Petra | M7: 1515 | N7: 132 | O7: 48 | P7: 28 | Q7: 26 | R7: 152 | S7: =SUM(N7:R7) -> 386 | T7: =S7/M7% -> 25.478548 | V7: Wild Loa | W7: 810 | X7: 12 | Y7: 12 | Z7: 40 | AA7: 0 | AB7: 62 | AC7: =SUM(X7:AB7) -> 126 | AD7: =AC7/W7% -> 15.555556 | AF7: Imhof Jonas | AG7: 1431 | AH7: 26 | AI7: 8 | AJ7: 36 | AK7: 2 | AL7: 66 | AM7: =SUM(AH7:AL7) -> 138 | AN7: =AM7/AG7% -> 9.6436059 | AP7: Brunner Claudia | AQ7: 1218 | AR7: 20 | AS7: 30 | AT7: 4 | AU7: 0 | AV7: 46 | AW7: =SUM(AR7:AV7) -> 100 | AX7: =AW7/AQ7% -> 8.2101806
B8: Keusch Rafael | C8: 1400 | D8: 26 | E8: 20 | F8: 32 | G8: 20 | H8: 114 | I8: =SUM(D8:H8) -> 212 | J8: =I8/C8% -> 15.142857 | L8: Schillig Ivo | M8: 1280 | N8: 38 | O8: 6 | P8: 10 | Q8: 22 | R8: 86 | S8: =SUM(N8:R8) -> 162 | T8: =S8/M8% -> 12.65625 | V8: Zgraggen Fabian | W8: 660 | X8: 10 | Y8: 4 | Z8: 12 | AA8: 0 | AB8: 18 | AC8: =SUM(X8:AB8) -> 44 | AD8: =AC8/W8% -> 6.6666667 | AF8: Arnold Nino | AG8: 1393 | AH8: 26 | AI8: 8 | AJ8: 38 | AK8: 6 | AL8: 86 | AM8: =SUM(AH8:AL8) -> 164 | AN8: =AM8/AG8% -> 11.773151 | AP8: Affentranger Fabio | AQ8: 1166 | AR8: 12 | AS8: 8 | AT8: 4 | AU8: 6 | AV8: 32 | AW8: =SUM(AR8:AV8) -> 62 | AX8: =AW8/AQ8% -> 5.3173242
B9: Gisler Kurt | C9: 1398 | D9: 36 | E9: 12 | F9: 24 | G9: 14 | H9: 84 | I9: =SUM(D9:H9) -> 170 | J9: =I9/C9% -> 12.160229 | L9: Heinzer Andrea | M9: 968 | N9: 10 | O9: 14 | P9: 16 | Q9: 4 | R9: 58 | S9: =SUM(N9:R9) -> 102 | T9: =S9/M9% -> 10.53719 | V9: Britschgi Urs | W9: 526 | X9: 24 | Y9: 12 | Z9: 14 | AA9: 14 | AB9: 42 | AC9: =SUM(X9:AB9) -> 106 | AD9: =AC9/W9% -> 20.152091 | AF9: Walker Stephanie | AG9: 1332 | AH9: 22 | AI9: 2 | AJ9: 18 | AK9: 0 | AL9: 50 | AM9: =SUM(AH9:AL9) -> 92 | AN9: =AM9/AG9% -> 6.9069069 | AP9: Arnold Stefan | AQ9: 1050 | AR9: 16 | AS9: 6 | AT9: 2 | AU9: 4 | AV9: 32 | AW9: =SUM(AR9:AV9) -> 60 | AX9: =AW9/AQ9% -> 5.7142857
B10: Gisler-Bissig Lea | C10: 1320 | D10: 18 | E10: 20 | F10: 28 | G10: 10 | H10: 74 | I10: =SUM(D10:H10) -> 150 | J10: =I10/C10% -> 11.363636 | L10: Zgraggen Michael | M10: 918 | N10: 18 | O10: 14 | P10: 2 | Q10: 8 | R10: 38 | S10: =SUM(N10:R10) -> 80 | T10: =S10/M10% -> 8.7145969 | V10: Mauri Linda | W10: 468 | X10: 10 | Y10: 2 | Z10: 12 | AA10: 0 | AB10: 30 | AC10: =SUM(X10:AB10) -> 54 | AD10: =AC10/W10% -> 11.538462 | AF10: Ziegler Therese | AG10: 1317 | AH10: 6 | AI10: 0 | AJ10: 18 | AK10: 2 | AL10: 50 | AM10: =SUM(AH10:AL10) -> 76 | AN10: =AM10/AG10% -> 5.770691 | AP10: Jauch Fabian | AQ10: 922 | AR10: 2 | AS10: 0 | AT10: 0 | AU10: 0 | AV10: 6 | AW10: =SUM(AR10:AV10) -> 8 | AX10: =AW10/AQ10% -> 0.86767896
B11: Epp-Arnold Regula | C11: 967 | D11: 14 | E11: 8 | F11: 6 | G11: 10 | H11: 18 | I11: =SUM(D11:H11) -> 56 | J11: =I11/C11% -> 5.7911065 | L11: Gisler Marcel | M11: 853 | N11: 8 | O11: 6 | P11: 14 | Q11: 4 | R11: 32 | S11: =SUM(N11:R11) -> 64 | T11: =S11/M11% -> 7.5029308 | V11: Stadler Valentin | W11: 377 | X11: 6 | Y11: 8 | Z11: 8 | AA11: 0 | AB11: 12 | AC11: =SUM(X11:AB11) -> 34 | AD11: =AC11/W11% -> 9.0185676 | AF11: Bissig Jonas | AG11: 1271 | AH11: 10 | AI11: 4 | AJ11: 22 | AK11: 0 | AL11: 36 | AM11: =SUM(AH11:AL11) -> 72 | AN11: =AM11/AG11% -> 5.6648308 | AP11: Dittli Adrian | AQ11: 592 | AR11: 8 | AS11: 4 | AT11: 0 | AU11: 0 | AV11: 8 | AW11: =SUM(AR11:AV11) -> 20 | AX11: =AW11/AQ11% -> 3.3783784
B12: Gisler Oliver | C12: 952 | D12: 18 | E12: 16 | F12: 10 | G12: 6 | H12: 40 | I12: =SUM(D12:H12) -> 90 | J12: =I12/C12% -> 9.4537815 | L12: Weber Angelo | M12: 742 | N12: 8 | O12: 2 | P12: 2 | Q12: 10 | R12: 16 | S12: =SUM(N12:R12) -> 38 | T12: =S12/M12% -> 5.1212938 | V12: Zgraggen Christoph | W12: 363 | X12: 14 | Y12: 12 | Z12: 4 | AA12: 2 | AB12: 26 | AC12: =SUM(X12:AB12) -> 58 | AD12: =AC12/W12% -> 15.977961 | AF12: Gisler Stefanie | AG12: 693 | AH12: 6 | AI12: 4 | AJ12: 10 | AK12: 0 | AL12: 20 | AM12: =SUM(AH12:AL12) -> 40 | AN12: =AM12/AG12% -> 5.7720058 | AP12: Furger Heinz | AQ12: 559 | AR12: 0 | AS12: 10 | AT12: 2 | AU12: 2 | AV12: 12 | AW12: =SUM(AR12:AV12) -> 26 | AX12: =AW12/AQ12% -> 4.6511628
B13: Oechslin Olivia | C13: 862 | D13: 0 | E13: 10 | F13: 12 | G13: 0 | H13: 40 | I13: =SUM(D13:H13) -> 62 | J13: =I13/C13% -> 7.1925754 | L13: Herger-Trüb Isabell | M13: 544 | N13: 20 | O13: 8 | P13: 8 | Q13: 8 | R13: 44 | S13: =SUM(N13:R13) -> 88 | T13: =S13/M13% -> 16.176471 | V13: Baumann Remo | W13: 359 | X13: 2 | Y13: 0 | Z13: 0 | AA13: 0 | AB13: 14 | AC13: =SUM(X13:AB13) -> 16 | AD13: =AC13/W13% -> 4.4568245 | AF13: Zeugin Dominik | AG13: 651 | AH13: 0 | AI13: 0 | AJ13: 8 | AK13: 0 | AL13: 24 | AM13: =SUM(AH13:AL13) -> 32 | AN13: =AM13/AG13% -> 4.9155146 | AP13: Imholz Adrian | AQ13: 494 | AR13: 0 | AS13: 2 | AT13: 0 | AU13: 0 | AV13: 6 | AW13: =SUM(AR13:AV13) -> 8 | AX13: =AW13/AQ13% -> 1.6194332
B14: Dahinden Tobias | C14: 848 | D14: 16 | E14: 6 | F14: 4 | G14: 8 | H14: 14 | I14: =SUM(D14:H14) -> 48 | J14: =I14/C14% -> 5.6603774 | V14: Regli Seraina | W14: 353 | X14: 6 | Y14: 8 | Z14: 6 | AA14: 0 | AB14: 20 | AC14: =SUM(X14:AB14) -> 40 | AD14: =AC14/W14% -> 11.331445 | AF14: Stadler Fabio | AG14: 591 | AH14: 2 | AI14: 0 | AJ14: 2 | AK14: 0 | AL14: 6 | AM14: =SUM(AH14:AL14) -> 10 | AN14: =AM14/AG14% -> 1.6920474 | AP14: Jauch Heidi | AQ14: 471 | AR14: 0 | AS14: 2 | AT14: 0 | AU14: 0 | AV14: 8 | AW14: =SUM(AR14:AV14) -> 10 | AX14: =AW14/AQ14% -> 2.1231423
B15: Cantoni Michael | C15: 838 | D15: 2 | E15: 2 | F15: 10 | G15: 4 | H15: 20 | I15: =SUM(D15:H15) -> 38 | J15: =I15/C15% -> 4.5346062 | L15: Total | M15: =SUM(M6:M13) -> 8378 | N15: =SUM(N6:N13) -> 326 | O15: =SUM(O6:O13) -> 140 | P15: =SUM(P6:P13) -> 126 | Q15: =SUM(Q6:Q13) -> 96 | R15: =SUM(R6:R13) -> 576 | S15: =SUM(S6:S13) -> 1264 | T15: =S15/M15% -> 15.087133 | V15: Balli Matteo | W15: 332 | X15: 0 | Y15: 0 | Z15: 8 | AA15: 2 | AB15: 6 | AC15: =SUM(X15:AB15) -> 16 | AD15: =AC15/W15% -> 4.8192771 | AP15: Gisler Loris | AQ15: 465 | AR15: 0 | AS15: 0 | AT15: 0 | AU15: 0 | AV15: 2 | AW15: =SUM(AR15:AV15) -> 2 | AX15: =AW15/AQ15% -> 0.43010753
B16: Regli Kathrin | C16: 833 | D16: 2 | E16: 10 | F16: 2 | G16: 8 | H16: 32 | I16: =SUM(D16:H16) -> 54 | J16: =I16/C16% -> 6.482593 | V16: Arnold Jannik | W16: 329 | X16: 4 | Y16: 2 | Z16: 0 | AA16: 0 | AB16: 20 | AC16: =SUM(X16:AB16) -> 26 | AD16: =AC16/W16% -> 7.9027356 | AF16: Total | AG16: =SUM(AG6:AG14) -> 10131 | AH16: =SUM(AH6:AH15) -> 126 | AI16: =SUM(AI6:AI15) -> 26 | AJ16: =SUM(AJ6:AJ15) -> 182 | AK16: =SUM(AK6:AK15) -> 10 | AL16: =SUM(AL6:AL15) -> 420 | AM16: =SUM(AM6:AM15) -> 764 | AN16: =AM16/AG16% -> 7.5412101
B17: Gisler Emilie | C17: 805 | D17: 8 | E17: 20 | F17: 12 | G17: 2 | H17: 36 | I17: =SUM(D17:H17) -> 78 | J17: =I17/C17% -> 9.689441 | V17: Aschwanden Denis | W17: 271 | X17: 2 | Y17: 2 | Z17: 2 | AA17: 0 | AB17: 4 | AC17: =SUM(X17:AB17) -> 10 | AD17: =AC17/W17% -> 3.6900369 | AP17: Total | AQ17: =SUM(AQ6:AQ15) -> 8169 | AR17: =SUM(AR6:AR16) -> 80 | AS17: =SUM(AS6:AS16) -> 78 | AT17: =SUM(AT6:AT16) -> 20 | AU17: =SUM(AU6:AU16) -> 14 | AV17: =SUM(AV6:AV16) -> 224 | AW17: =SUM(AW6:AW16) -> 416 | AX17: =AW17/AQ17% -> 5.0924226
B18: Gisler Nina | C18: 737 | D18: 2 | E18: 6 | F18: 4 | G18: 0 | H18: 20 | I18: =SUM(D18:H18) -> 32 | J18: =I18/C18% -> 4.3419267
B19: Epp Iwan | C19: 659 | D19: 4 | E19: 2 | F19: 4 | G19: 0 | H19: 8 | I19: =SUM(D19:H19) -> 18 | J19: =I19/C19% -> 2.7314112 | V19: Total | W19: =SUM(W6:W17) -> 5988 | X19: =SUM(X6:X18) -> 148 | Y19: =SUM(Y6:Y18) -> 96 | Z19: =SUM(Z6:Z18) -> 182 | AA19: =SUM(AA6:AA18) -> 28 | AB19: =SUM(AB6:AB18) -> 394 | AC19: =SUM(AC6:AC18) -> 848 | AD19: =AC19/W19% -> 14.161657
B21: Total | C21: =SUM(C6:C19) -> 15545 | D21: =SUM(D6:D20) -> 258 | E21: =SUM(E6:E20) -> 208 | F21: =SUM(F6:F20) -> 246 | G21: =SUM(G6:G20) -> 128 | H21: =SUM(H6:H20) -> 854 | I21: =SUM(I6:I20) -> 1694 | J21: =I21/C21% -> 10.897395
A24: Bürglen, CVP | B24: Name | C24: Stimmen | D24: Kumulierte Kandidatenstimmen auf Listen der | K24: FDP | L24: Name | M24: Stimmen | N24: Kumulierte Kandidatenstimmen auf Listen der | U24: GLP | V24: Name | W24: Stimmen | X24: Kumulierte Kandidatenstimmen auf Listen der | AE24: SP/GB | AF24: Name | AG24: Stimmen | AH24: Kumulierte Kandidatenstimmen auf Listen der | AO24: SVP | AP24: Name | AQ24: Stimmen | AR24: Kumulierte Kandidatenstimmen auf Listen der
D25: FDP | E25: GLP | F25: SP/GB | G25: SVP | H25: FL | I25: Total | J25: in % | N25: CVP | O25: GLP | P25: SP/GB | Q25: SVP | R25: FL | S25: Total | T25: in % | X25: CVP | Y25: FDP | Z25: SP/GB | AA25: SVP | AB25: FL | AC25: Total | AD25: in % | AH25: CVP | AI25: FDP | AJ25: GLP | AK25: SVP | AL25: FL | AM25: Total | AN25: in % | AR25: CVP | AS25: FDP | AT25: GLP | AU25: SP/GB | AV25: FL | AW25: Total | AX25: in %
B27: Arnold-Furrer Bernadette | C27: 690 | D27: 18 | E27: 4 | F27: 4 | G27: 16 | H27: 50 | I27: =SUM(D27:H27) -> 92 | J27: =I27/C27% -> 13.333333 | L27: Christen-Zarri Miriam | M27: 548 | N27: 4 | O27: 4 | P27: 6 | Q27: 6 | R27: 54 | S27: =SUM(N27:R27) -> 74 | T27: =S27/M27% -> 13.50365 | V27: Gisler Luzia | W27: 417 | X27: 14 | Y27: 10 | Z27: 24 | AA27: 0 | AB27: 28 | AC27: =SUM(X27:AB27) -> 76 | AD27: =AC27/W27% -> 18.22542 | AF27: Ananthavettivelu Ragunath | AG27: 474 | AH27: 4 | AI27: 0 | AJ27: 8 | AK27: 0 | AL27: 12 | AM27: =SUM(AH27:AL27) -> 24 | AN27: =AM27/AG27% -> 5.0632911 | AP27: Arnold Alois | AQ27: 1047 | AR27: 6 | AS27: 2 | AT27: 2 | AU27: 2 | AV27: 38 | AW27: =SUM(AR27:AV27) -> 50 | AX27: =AW27/AQ27% -> 4.7755492
B28: Gisler Tobias | C28: 523 | D28: 0 | E28: 2 | F28: 12 | G28: 0 | H28: 24 | I28: =SUM(D28:H28) -> 38 | J28: =I28/C28% -> 7.2657744 | L28: Röthlisberger René | M28: 299 | N28: 2 | O28: 4 | P28: 0 | Q28: 2 | R28: 16 | S28: =SUM(N28:R28) -> 24 | T28: =S28/M28% -> 8.0267559 | V28: Schuler Luisa | W28: 153 | X28: 0 | Y28: 2 | Z28: 6 | AA28: 0 | AB28: 4 | AC28: =SUM(X28:AB28) -> 12 | AD28: =AC28/W28% -> 7.8431373 | AF28: Wüthrich Martina | AG28: 351 | AH28: 0 | AI28: 2 | AJ28: 0 | AK28: 0 | AL28: 10 | AM28: =SUM(AH28:AL28) -> 12 | AN28: =AM28/AG28% -> 3.4188034 | AP28: Arnold-Fassbind Alois | AQ28: 1044 | AR28: 8 | AS28: 2 | AT28: 0 | AU28: 0 | AV28: 38 | AW28: =SUM(AR28:AV28) -> 48 | AX28: =AW28/AQ28% -> 4.5977011
B29: Baumann Tino | C29: 400 | D29: 20 | E29: 2 | F29: 6 | G29: 10 | H29: 24 | I29: =SUM(D29:H29) -> 62 | J29: =I29/C29% -> 15.5 | L29: Herger Ruedi | M29: 289 | N29: 4 | O29: 0 | P29: 0 | Q29: 10 | R29: 20 | S29: =SUM(N29:R29) -> 34 | T29: =S29/M29% -> 11.764706 | V29: Arnold Daniel | W29: 136 | X29: 0 | Y29: 0 | Z29: 0 | AA29: 2 | AB29: 2 | AC29: =SUM(X29:AB29) -> 4 | AD29: =AC29/W29% -> 2.9411765 | AF29: Kluge Harriet | AG29: 313 | AH29: 0 | AI29: 0 | AJ29: 0 | AK29: 0 | AL29: 2 | AM29: =SUM(AH29:AL29) -> 2 | AN29: =AM29/AG29% -> 0.63897764 | AP29: Gisler Hansueli | AQ29: 1025 | AR29: 2 | AS29: 0 | AT29: 0 | AU29: 2 | AV29: 34 | AW29: =SUM(AR29:AV29) -> 38 | AX29: =AW29/AQ29% -> 3.7073171
B30: Imhof Roman | C30: 324 | D30: 4 | E30: 0 | F30: 2 | G30: 12 | H30: 12 | I30: =SUM(D30:H30) -> 30 | J30: =I30/C30% -> 9.2592593 | L30: Riedi Karin | M30: 255 | N30: 2 | O30: 0 | P30: 0 | Q30: 18 | R30: 20 | S30: =SUM(N30:R30) -> 40 | T30: =S30/M30% -> 15.686275 | V30: Ziegler Zacharias | W30: 135 | X30: 2 | Y30: 4 | Z30: 2 | AA30: 0 | AB30: 6 | AC30: =SUM(X30:AB30) -> 14 | AD30: =AC30/W30% -> 10.37037 | AF30: Biasini Hugo | AG30: 245 | AH30: 6 | AI30: 0 | AJ30: 4 | AK30: 0 | AL30: 10 | AM30: =SUM(AH30:AL30) -> 20 | AN30: =AM30/AG30% -> 8.1632653 | AP30: Arnold Bruno | AQ30: 476 | AR30: 2 | AS30: 0 | AT30: 0 | AU30: 0 | AV30: 10 | AW30: =SUM(AR30:AV30) -> 12 | AX30: =AW30/AQ30% -> 2.5210084
B31: Gisler Franziska | C31: 276 | D31: 2 | E31: 0 | F31: 0 | G31: 0 | H31: 10 | I31: =SUM(D31:H31) -> 12 | J31: =I31/C31% -> 4.3478261 | L31: Seeholzer Christoph | M31: 155 | N31: 0 | O31: 2 | P31: 0 | Q31: 0 | R31: 2 | S31: =SUM(N31:R31) -> 4 | T31: =S31/M31% -> 2.5806452 | V31: Locher Christoph | W31: 124 | X31: 2 | Y31: 0 | Z31: 0 | AA31: 0 | AB31: 10 | AC31: =SUM(X31:AB31) -> 12 | AD31: =AC31/W31% -> 9.6774194
B32: Gisler-Walker Karin | C32: 245 | D32: 0 | E32: 0 | F32: 0 | G32: 2 | H32: 4 | I32: =SUM(D32:H32) -> 6 | J32: =I32/C32% -> 2.4489796 | V32: Müller Josua | W32: 118 | X32: 0 | Y32: 0 | Z32: 0 | AA32: 0 | AB32: 2 | AC32: =SUM(X32:AB32) -> 2 | AD32: =AC32/W32% -> 1.6949153 | AF32: Total | AG32: =SUM(AG27:AG30) -> 1383 | AH32: =SUM(AH27:AH30) -> 10 | AI32: =SUM(AI27:AI30) -> 2 | AJ32: =SUM(AJ27:AJ30) -> 12 | AK32: =SUM(AK27:AK30) -> 0 | AL32: =SUM(AL27:AL30) -> 34 | AM32: =SUM(AM27:AM30) -> 58 | AN32: =AM32/AG32% -> 4.1937816 | AP32: Total | AQ32: =SUM(AQ27:AQ30) -> 3592 | AR32: =SUM(AR27:AR30) -> 18 | AS32: =SUM(AS27:AS30) -> 4 | AT32: =SUM(AT27:AT30) -> 2 | AU32: =SUM(AU27:AU30) -> 4 | AV32: =SUM(AV27:AV30) -> 120 | AW32: =SUM(AW27:AW30) -> 148 | AX32: =AW32/AQ32% -> 4.1202673
B33: Danioth Ian | C33: 198 | D33: 0 | E33: 0 | F33: 0 | G33: 0 | H33: 10 | I33: =SUM(D33:H33) -> 10 | J33: =I33/C33% -> 5.0505051 | L33: Total | M33: =SUM(M27:M31) -> 1546 | N33: =SUM(N27:N31) -> 12 | O33: =SUM(O27:O31) -> 10 | P33: =SUM(P27:P31) -> 6 | Q33: =SUM(Q27:Q31) -> 36 | R33: =SUM(R27:R31) -> 112 | S33: =SUM(S27:S31) -> 176 | T33: =S33/M33% -> 11.384217 | V33: Chande Binoi | W33: 97 | X33: 0 | Y33: 0 | Z33: 0 | AA33: 0 | AB33: 2 | AC33: =SUM(X33:AB33) -> 2 | AD33: =AC33/W33% -> 2.0618557
B35: Total | C35: =SUM(C27:C33) -> 2656 | D35: =SUM(D27:D33) -> 44 | E35: =SUM(E27:E33) -> 8 | F35: =SUM(F27:F33) -> 24 | G35: =SUM(G27:G33) -> 40 | H35: =SUM(H27:H33) -> 134 | I35: =SUM(I27:I33) -> 250 | J35: =I35/C35% -> 9.4126506 | V35: Total | W35: =SUM(W27:W33) -> 1180 | X35: =SUM(X27:X33) -> 18 | Y35: =SUM(Y27:Y33) -> 16 | Z35: =SUM(Z27:Z33) -> 32 | AA35: =SUM(AA27:AA33) -> 2 | AB35: =SUM(AB27:AB33) -> 54 | AC35: =SUM(AC27:AC33) -> 122 | AD35: =AC35/W35% -> 10.338983
A38: Erstfeld, CVP | B38: Name | C38: Stimmen | D38: Kumulierte Kandidatenstimmen auf Listen der | K38: FDP | L38: Name | M38: Stimmen | N38: Kumulierte Kandidatenstimmen auf Listen der | U38: GLP | V38: nicht angetreten | AE38: SP/GB | AF38: Name | AG38: Stimmen | AH38: Kumulierte Kandidatenstimmen auf Listen der | AO38: SVP | AP38: Name | AQ38: Stimmen | AR38: Kumulierte Kandidatenstimmen auf Listen der
D39: FDP | E39: GLP | F39: SP/GB | G39: SVP | H39: FL | I39: Total | J39: in % | N39: CVP | O39: GLP | P39: SP/GB | Q39: SVP | R39: FL | S39: Total | T39: in % | AH39: CVP | AI39: FDP | AJ39: GLP | AK39: SVP | AL39: FL | AM39: Total | AN39: in % | AR39: CVP | AS39: FDP | AT39: GLP | AU39: SP/GB | AV39: FL | AW39: Total | AX39: in %
B41: Epp-Gehrig Carmen | C41: 615 | D41: 10 | E41: - | F41: 4 | G41: 8 | H41: 42 | I41: =SUM(D41:H41) -> 64 | J41: =I41/C41% -> 10.406504 | L41: Tresch Walter | M41: 794 | N41: 22 | O41: - | P41: 14 | Q41: 34 | R41: 122 | S41: =SUM(N41:R41) -> 192 | T41: =S41/M41% -> 24.18136 | AF41: Läubli Ziegler Sylvia | AG41: 778 | AH41: 12 | AI41: 4 | AJ41: - | AK41: 6 | AL41: 54 | AM41: =SUM(AH41:AL41) -> 76 | AN41: =AM41/AG41% -> 9.7686375 | AP41: Schuler Christian | AQ41: 862 | AR41: 16 | AS41: 18 | AT41: - | AU41: 2 | AV41: 106 | AW41: =SUM(AR41:AV41) -> 142 | AX41: =AW41/AQ41% -> 16.473318
B42: Gisler Nino | C42: 549 | D42: 12 | E42: - | F42: 18 | G42: 8 | H42: 44 | I42: =SUM(D42:H42) -> 82 | J42: =I42/C42% -> 14.936248 | L42: Dittli Peter | M42: 477 | N42: 2 | O42: - | P42: 0 | Q42: 8 | R42: 46 | S42: =SUM(N42:R42) -> 56 | T42: =S42/M42% -> 11.740042 | AF42: Kieliger Urs | AG42: 714 | AH42: 2 | AI42: 2 | AJ42: - | AK42: 2 | AL42: 32 | AM42: =SUM(AH42:AL42) -> 38 | AN42: =AM42/AG42% -> 5.3221289 | AP42: Levy Flavian | AQ42: 561 | AR42: 4 | AS42: 0 | AT42: - | AU42: 0 | AV42: 18 | AW42: =SUM(AR42:AV42) -> 22 | AX42: =AW42/AQ42% -> 3.9215686
B43: Jaun-Arnold Isabelle | C43: 331 | D43: 4 | E43: - | F43: 4 | G43: 2 | H43: 36 | I43: =SUM(D43:H43) -> 46 | J43: =I43/C43% -> 13.897281 | L43: Ziegler Michelle | M43: 247 | N43: 0 | O43: - | P43: 0 | Q43: 0 | R43: 4 | S43: =SUM(N43:R43) -> 4 | T43: =S43/M43% -> 1.6194332 | AF43: Zgraggen Brosi | AG43: 356 | AH43: 4 | AI43: 0 | AJ43: - | AK43: 4 | AL43: 20 | AM43: =SUM(AH43:AL43) -> 28 | AN43: =AM43/AG43% -> 7.8651685 | AP43: Indergand Michael | AQ43: 265 | AR43: 2 | AS43: 0 | AT43: - | AU43: 0 | AV43: 14 | AW43: =SUM(AR43:AV43) -> 16 | AX43: =AW43/AQ43% -> 6.0377358
B44: Migliozzi Luigi | C44: 277 | D44: 0 | E44: - | F44: 2 | G44: 6 | H44: 8 | I44: =SUM(D44:H44) -> 16 | J44: =I44/C44% -> 5.7761733 | AF44: Baumann Renner Edith | AG44: 285 | AH44: 0 | AI44: 0 | AJ44: - | AK44: 0 | AL44: 10 | AM44: =SUM(AH44:AL44) -> 10 | AN44: =AM44/AG44% -> 3.5087719 | AP44: Alessandri Pascal | AQ44: 252 | AR44: 0 | AS44: 0 | AT44: - | AU44: 0 | AV44: 2 | AW44: =SUM(AR44:AV44) -> 2 | AX44: =AW44/AQ44% -> 0.79365079
L45: Total | M45: =SUM(M41:M43) -> 1518 | N45: =SUM(N41:N43) -> 24 | O45: - | P45: =SUM(P41:P43) -> 14 | Q45: =SUM(Q41:Q43) -> 42 | R45: =SUM(R41:R43) -> 172 | S45: =SUM(S41:S43) -> 252 | T45: =S45/M45% -> 16.600791
B46: Total | C46: =SUM(C41:C44) -> 1772 | D46: =SUM(D41:D44) -> 26 | E46: - | F46: =SUM(F41:F44) -> 28 | G46: =SUM(G41:G44) -> 24 | H46: =SUM(H41:H44) -> 130 | I46: =SUM(I41:I44) -> 208 | J46: =I46/C46% -> 11.738149 | AF46: Total | AG46: =SUM(AG41:AG44) -> 2133 | AH46: =SUM(AH41:AH44) -> 18 | AI46: =SUM(AI41:AI44) -> 6 | AJ46: - | AK46: =SUM(AK41:AK44) -> 12 | AL46: =SUM(AL41:AL44) -> 116 | AM46: =SUM(AM41:AM44) -> 152 | AN46: =AM46/AG46% -> 7.1261135 | AP46: Total | AQ46: =SUM(AQ41:AQ44) -> 1940 | AR46: =SUM(AR41:AR44) -> 22 | AS46: =SUM(AS41:AS44) -> 18 | AT46: - | AU46: =SUM(AU41:AU44) -> 2 | AV46: =SUM(AV41:AV44) -> 140 | AW46: =SUM(AW41:AW44) -> 182 | AX46: =AW46/AQ46% -> 9.3814433
A49: Schattdorf, CVP | B49: Name | C49: Stimmen | D49: Kumulierte Kandidatenstimmen auf Listen der | K49: FDP | L49: Name | M49: Stimmen | N49: Kumulierte Kandidatenstimmen auf Listen der | U49: GLP | V49: Name | W49: Stimmen | X49: Kumulierte Kandidatenstimmen auf Listen der | AE49: SP/GB | AF49: Name | AG49: Stimmen | AH49: Kumulierte Kandidatenstimmen auf Listen der | AO49: SVP | AP49: Name | AQ49: Stimmen | AR49: Kumulierte Kandidatenstimmen auf Listen der
D50: FDP | E50: GLP | F50: SP/GB | G50: SVP | H50: FL | I50: Total | J50: in % | N50: CVP | O50: GLP | P50: SP/GB | Q50: SVP | R50: FL | S50: Total | T50: in % | X50: CVP | Y50: FDP | Z50: SP/GB | AA50: SVP | AB50: FL | AC50: Total | AD50: in % | AH50: CVP | AI50: FDP | AJ50: GLP | AK50: SVP | AL50: FL | AM50: Total | AN50: in % | AR50: CVP | AS50: FDP | AT50: GLP | AU50: SP/GB | AV50: FL | AW50: Total | AX50: in %
B52: Gisler Flavio | C52: 1821 | D52: 62 | E52: 30 | F52: 36 | G52: 82 | H52: 278 | I52: =SUM(D52:H52) -> 488 | J52: =I52/C52% -> 26.798462 | L52: Gamma Cornelia | M52: 1050 | N52: 88 | O52: 16 | P52: 2 | Q52: 14 | R52: 156 | S52: =SUM(N52:R52) -> 276 | T52: =S52/M52% -> 26.285714 | V52: Gamma Joel | W52: 281 | X52: 14 | Y52: 6 | Z52: 6 | AA52: 0 | AB52: 14 | AC52: =SUM(X52:AB52) -> 40 | AD52: =AC52/W52% -> 14.234875 | AF52: Lüönd Eveline | AG52: 683 | AH52: 44 | AI52: 6 | AJ52: 12 | AK52: 10 | AL52: 82 | AM52: =SUM(AH52:AL52) -> 154 | AN52: =AM52/AG52% -> 22.547584 | AP52: Arnold Kevin | AQ52: 954 | AR52: 14 | AS52: 6 | AT52: 0 | AU52: 0 | AV52: 60 | AW52: =SUM(AR52:AV52) -> 80 | AX52: =AW52/AQ52% -> 8.3857442
B53: Furrer Helen | C53: 1291 | D53: 28 | E53: 12 | F53: 20 | G53: 12 | H53: 86 | I53: =SUM(D53:H53) -> 158 | J53: =I53/C53% -> 12.238575 | L53: Cathry Ruedi | M53: 914 | N53: 62 | O53: 6 | P53: 2 | Q53: 30 | R53: 90 | S53: =SUM(N53:R53) -> 190 | T53: =S53/M53% -> 20.787746 | V53: Furrer Joël | W53: 246 | X53: 2 | Y53: 4 | Z53: 6 | AA53: 4 | AB53: 30 | AC53: =SUM(X53:AB53) -> 46 | AD53: =AC53/W53% -> 18.699187 | AF53: Gisler Julia | AG53: 387 | AH53: 4 | AI53: 0 | AJ53: 4 | AK53: 0 | AL53: 16 | AM53: =SUM(AH53:AL53) -> 24 | AN53: =AM53/AG53% -> 6.2015504 | AP53: Schär Jonas | AQ53: 881 | AR53: 12 | AS53: 8 | AT53: 0 | AU53: 4 | AV53: 28 | AW53: =SUM(AR53:AV53) -> 52 | AX53: =AW53/AQ53% -> 5.9023837
B54: Gisler-Arnold Franz | C54: 840 | D54: 28 | E54: 2 | F54: 8 | G54: 18 | H54: 96 | I54: =SUM(D54:H54) -> 152 | J54: =I54/C54% -> 18.095238 | L54: Zberg Daniel | M54: 556 | N54: 16 | O54: 2 | P54: 0 | Q54: 14 | R54: 50 | S54: =SUM(N54:R54) -> 82 | T54: =S54/M54% -> 14.748201 | V54: Herger Benjamin | W54: 197 | X54: 4 | Y54: 0 | Z54: 14 | AA54: 2 | AB54: 16 | AC54: =SUM(X54:AB54) -> 36 | AD54: =AC54/W54% -> 18.274112 | AF54: Kelly Andrew | AG54: 305 | AH54: 6 | AI54: 2 | AJ54: 14 | AK54: 0 | AL54: 8 | AM54: =SUM(AH54:AL54) -> 30 | AN54: =AM54/AG54% -> 9.8360656 | AP54: Arnold Vinzenz | AQ54: 845 | AR54: 6 | AS54: 0 | AT54: 0 | AU54: 4 | AV54: 38 | AW54: =SUM(AR54:AV54) -> 48 | AX54: =AW54/AQ54% -> 5.6804734
B55: Gisler-Tresch Alois | C55: 596 | D55: 20 | E55: 0 | F55: 4 | G55: 6 | H55: 32 | I55: =SUM(D55:H55) -> 62 | J55: =I55/C55% -> 10.402685 | L55: Deplazes Monja | M55: 283 | N55: 6 | O55: 0 | P55: 0 | Q55: 0 | R55: 12 | S55: =SUM(N55:R55) -> 18 | T55: =S55/M55% -> 6.360424 | AF55: Jäger Reto | AG55: 249 | AH55: 2 | AI55: 0 | AJ55: 4 | AK55: 0 | AL55: 18 | AM55: =SUM(AH55:AL55) -> 24 | AN55: =AM55/AG55% -> 9.6385542 | AP55: Schmidt Mario | AQ55: 490 | AR55: 10 | AS55: 4 | AT55: 0 | AU55: 0 | AV55: 10 | AW55: =SUM(AR55:AV55) -> 24 | AX55: =AW55/AQ55% -> 4.8979592
B56: Büeler Rico | C56: 531 | D56: 20 | E56: 4 | F56: 4 | G56: 8 | H56: 20 | I56: =SUM(D56:H56) -> 56 | J56: =I56/C56% -> 10.546139 | L56: Simmen Christian | M56: 279 | N56: 12 | O56: 0 | P56: 0 | Q56: 4 | R56: 2 | S56: =SUM(N56:R56) -> 18 | T56: =S56/M56% -> 6.4516129 | V56: Total | W56: =SUM(W52:W54) -> 724 | X56: =SUM(X52:X54) -> 20 | Y56: =SUM(Y52:Y54) -> 10 | Z56: =SUM(Z52:Z54) -> 26 | AA56: =SUM(AA52:AA54) -> 6 | AB56: =SUM(AB52:AB54) -> 60 | AC56: =SUM(AC52:AC54) -> 122 | AD56: =AC56/W56% -> 16.850829 | AF56: Gisler Maria | AG56: 234 | AH56: 2 | AI56: 6 | AJ56: 6 | AK56: 0 | AL56: 10 | AM56: =SUM(AH56:AL56) -> 24 | AN56: =AM56/AG56% -> 10.25641 | AP56: Tresch Reto | AQ56: 391 | AR56: 4 | AS56: 0 | AT56: 0 | AU56: 0 | AV56: 4 | AW56: =SUM(AR56:AV56) -> 8 | AX56: =AW56/AQ56% -> 2.0460358
B57: Lustenberger Thomas | C57: 477 | D57: 4 | E57: 2 | F57: 0 | G57: 0 | H57: 36 | I57: =SUM(D57:H57) -> 42 | J57: =I57/C57% -> 8.8050314 | L57: Furrer Julian | M57: 186 | N57: 0 | O57: 4 | P57: 0 | Q57: 0 | R57: 2 | S57: =SUM(N57:R57) -> 6 | T57: =S57/M57% -> 3.2258065 | AF57: Lauener Salomé | AG57: 221 | AH57: 2 | AI57: 0 | AJ57: 0 | AK57: 0 | AL57: 6 | AM57: =SUM(AH57:AL57) -> 8 | AN57: =AM57/AG57% -> 3.6199095 | AP57: Zgraggen Kaoutar | AQ57: 360 | AR57: 0 | AS57: 0 | AT57: 0 | AU57: 0 | AV57: 6 | AW57: =SUM(AR57:AV57) -> 6 | AX57: =AW57/AQ57% -> 1.6666667
B58: Gisler Roman | C58: 423 | D58: 2 | E58: 2 | F58: 0 | G58: 2 | H58: 10 | I58: =SUM(D58:H58) -> 16 | J58: =I58/C58% -> 3.7825059 | AF58: Furger Rita | AG58: 200 | AH58: 0 | AI58: 0 | AJ58: 0 | AK58: 0 | AL58: 10 | AM58: =SUM(AH58:AL58) -> 10 | AN58: =AM58/AG58% -> 5
L59: Total | M59: =SUM(M52:M57) -> 3268 | N59: =SUM(N52:N57) -> 184 | O59: =SUM(O52:O57) -> 28 | P59: =SUM(P52:P57) -> 4 | Q59: =SUM(Q52:Q57) -> 62 | R59: =SUM(R52:R57) -> 312 | S59: =SUM(S52:S57) -> 590 | T59: =S59/M59% -> 18.053856 | AP59: Total | AQ59: =SUM(AQ52:AQ57) -> 3921 | AR59: =SUM(AR52:AR57) -> 46 | AS59: =SUM(AS52:AS57) -> 18 | AT59: =SUM(AT52:AT57) -> 0 | AU59: =SUM(AU52:AU57) -> 8 | AV59: =SUM(AV52:AV57) -> 146 | AW59: =SUM(AW52:AW57) -> 218 | AX59: =AW59/AQ59% -> 5.5598062
B60: Total | C60: =SUM(C52:C58) -> 5979 | D60: =SUM(D52:D58) -> 164 | E60: =SUM(E52:E58) -> 52 | F60: =SUM(F52:F58) -> 72 | G60: =SUM(G52:G58) -> 128 | H60: =SUM(H52:H58) -> 558 | I60: =SUM(I52:I58) -> 974 | J60: =I60/C60% -> 16.29035 | AF60: Total | AG60: =SUM(AG52:AG58) -> 2279 | AH60: =SUM(AH52:AH58) -> 60 | AI60: =SUM(AI52:AI58) -> 14 | AJ60: =SUM(AJ52:AJ58) -> 40 | AK60: =SUM(AK52:AK58) -> 10 | AL60: =SUM(AL52:AL58) -> 150 | AM60: =SUM(AM52:AM58) -> 274 | AN60: =AM60/AG60% -> 12.022817

Sheet 8.3 Kumulierung fremde Listen
A1: verknüpft mit 8.2 Kumulieren (hinterste zwei Spalten)
A3: Altdorf, CVP | B3: Name | C3: Kumulierte Stimmen auf fremden Listen | E3: FDP | F3: Name | G3: Kumulierte Stimmen auf fremden Listen | I3: GLP | J3: Name | K3: Kumulierte Stimmen auf fremden Listen | M3: SP/GB | N3: Name | O3: Kumulierte Stimmen auf fremden Listen | Q3: SVP | R3: Name | S3: Kumulierte Stimmen auf fremden Listen
C4: abs. | D4: in % | G4: abs. | H4: in % | K4: abs. | L4: in % | O4: abs. | P4: in % | S4: abs. | T4: in %
B6: Huber Céline | C6: =SUM('8.2 Kumulieren'!D6:H6) -> 486 | D6: =C6/'8.2 Kumulieren'!C6% -> 20.049505 | F6: Tarelli Dori | G6: =SUM('8.2 Kumulieren'!N6:R6) -> 344 | H6: =G6/'8.2 Kumulieren'!M6% -> 22.079589 | J6: Baumann Noel | K6: =SUM('8.2 Kumulieren'!X6:AB6) -> 318 | L6: =K6/'8.2 Kumulieren'!W6% -> 27.894737 | N6: Schmidt Valentin | O6: =SUM('8.2 Kumulieren'!AH6:AL6) -> 140 | P6: =O6/'8.2 Kumulieren'!AG6% -> 9.6418733 | R6: von Mentlen Michael | S6: =SUM('8.2 Kumulieren'!AR6:AV6) -> 120 | T6: =S6/'8.2 Kumulieren'!AQ6% -> 9.7402597
B7: Arnold Barengo Michael | C7: =SUM('8.2 Kumulieren'!D7:H7) -> 200 | D7: =C7/'8.2 Kumulieren'!C7% -> 13.315579 | F7: Muheim Quick Petra | G7: =SUM('8.2 Kumulieren'!N7:R7) -> 386 | H7: =G7/'8.2 Kumulieren'!M7% -> 25.478548 | J7: Wild Loa | K7: =SUM('8.2 Kumulieren'!X7:AB7) -> 126 | L7: =K7/'8.2 Kumulieren'!W7% -> 15.555556 | N7: Imhof Jonas | O7: =SUM('8.2 Kumulieren'!AH7:AL7) -> 138 | P7: =O7/'8.2 Kumulieren'!AG7% -> 9.6436059 | R7: Brunner Claudia | S7: =SUM('8.2 Kumulieren'!AR7:AV7) -> 100 | T7: =S7/'8.2 Kumulieren'!AQ7% -> 8.2101806
B8: Keusch Rafael | C8: =SUM('8.2 Kumulieren'!D8:H8) -> 212 | D8: =C8/'8.2 Kumulieren'!C8% -> 15.142857 | F8: Schillig Ivo | G8: =SUM('8.2 Kumulieren'!N8:R8) -> 162 | H8: =G8/'8.2 Kumulieren'!M8% -> 12.65625 | J8: Zgraggen Fabian | K8: =SUM('8.2 Kumulieren'!X8:AB8) -> 44 | L8: =K8/'8.2 Kumulieren'!W8% -> 6.6666667 | N8: Arnold Nino | O8: =SUM('8.2 Kumulieren'!AH8:AL8) -> 164 | P8: =O8/'8.2 Kumulieren'!AG8% -> 11.773151 | R8: Affentranger Fabio | S8: =SUM('8.2 Kumulieren'!AR8:AV8) -> 62 | T8: =S8/'8.2 Kumulieren'!AQ8% -> 5.3173242
B9: Gisler Kurt | C9: =SUM('8.2 Kumulieren'!D9:H9) -> 170 | D9: =C9/'8.2 Kumulieren'!C9% -> 12.160229 | F9: Heinzer Andrea | G9: =SUM('8.2 Kumulieren'!N9:R9) -> 102 | H9: =G9/'8.2 Kumulieren'!M9% -> 10.53719 | J9: Britschgi Urs | K9: =SUM('8.2 Kumulieren'!X9:AB9) -> 106 | L9: =K9/'8.2 Kumulieren'!W9% -> 20.152091 | N9: Walker Stephanie | O9: =SUM('8.2 Kumulieren'!AH9:AL9) -> 92 | P9: =O9/'8.2 Kumulieren'!AG9% -> 6.9069069 | R9: Arnold Stefan | S9: =SUM('8.2 Kumulieren'!AR9:AV9) -> 60 | T9: =S9/'8.2 Kumulieren'!AQ9% -> 5.7142857
B10: Gisler-Bissig Lea | C10: =SUM('8.2 Kumulieren'!D10:H10) -> 150 | D10: =C10/'8.2 Kumulieren'!C10% -> 11.363636 | F10: Zgraggen Michael | G10: =SUM('8.2 Kumulieren'!N10:R10) -> 80 | H10: =G10/'8.2 Kumulieren'!M10% -> 8.7145969 | J10: Mauri Linda | K10: =SUM('8.2 Kumulieren'!X10:AB10) -> 54 | L10: =K10/'8.2 Kumulieren'!W10% -> 11.538462 | N10: Ziegler Therese | O10: =SUM('8.2 Kumulieren'!AH10:AL10) -> 76 | P10: =O10/'8.2 Kumulieren'!AG10% -> 5.770691 | R10: Jauch Fabian | S10: =SUM('8.2 Kumulieren'!AR10:AV10) -> 8 | T10: =S10/'8.2 Kumulieren'!AQ10% -> 0.86767896
B11: Epp-Arnold Regula | C11: =SUM('8.2 Kumulieren'!D11:H11) -> 56 | D11: =C11/'8.2 Kumulieren'!C11% -> 5.7911065 | F11: Gisler Marcel | G11: =SUM('8.2 Kumulieren'!N11:R11) -> 64 | H11: =G11/'8.2 Kumulieren'!M11% -> 7.5029308 | J11: Stadler Valentin | K11: =SUM('8.2 Kumulieren'!X11:AB11) -> 34 | L11: =K11/'8.2 Kumulieren'!W11% -> 9.0185676 | N11: Bissig Jonas | O11: =SUM('8.2 Kumulieren'!AH11:AL11) -> 72 | P11: =O11/'8.2 Kumulieren'!AG11% -> 5.6648308 | R11: Dittli Adrian | S11: =SUM('8.2 Kumulieren'!AR11:AV11) -> 20 | T11: =S11/'8.2 Kumulieren'!AQ11% -> 3.3783784
B12: Gisler Oliver | C12: =SUM('8.2 Kumulieren'!D12:H12) -> 90 | D12: =C12/'8.2 Kumulieren'!C12% -> 9.4537815 | F12: Weber Angelo | G12: =SUM('8.2 Kumulieren'!N12:R12) -> 38 | H12: =G12/'8.2 Kumulieren'!M12% -> 5.1212938 | J12: Zgraggen Christoph | K12: =SUM('8.2 Kumulieren'!X12:AB12) -> 58 | L12: =K12/'8.2 Kumulieren'!W12% -> 15.977961 | N12: Gisler Stefanie | O12: =SUM('8.2 Kumulieren'!AH12:AL12) -> 40 | P12: =O12/'8.2 Kumulieren'!AG12% -> 5.7720058 | R12: Furger Heinz | S12: =SUM('8.2 Kumulieren'!AR12:AV12) -> 26 | T12: =S12/'8.2 Kumulieren'!AQ12% -> 4.6511628
B13: Oechslin Olivia | C13: =SUM('8.2 Kumulieren'!D13:H13) -> 62 | D13: =C13/'8.2 Kumulieren'!C13% -> 7.1925754 | F13: Herger-Trüb Isabell | G13: =SUM('8.2 Kumulieren'!N13:R13) -> 88 | H13: =G13/'8.2 Kumulieren'!M13% -> 16.176471 | J13: Baumann Remo | K13: =SUM('8.2 Kumulieren'!X13:AB13) -> 16 | L13: =K13/'8.2 Kumulieren'!W13% -> 4.4568245 | N13: Zeugin Dominik | O13: =SUM('8.2 Kumulieren'!AH13:AL13) -> 32 | P13: =O13/'8.2 Kumulieren'!AG13% -> 4.9155146 | R13: Imholz Adrian | S13: =SUM('8.2 Kumulieren'!AR13:AV13) -> 8 | T13: =S13/'8.2 Kumulieren'!AQ13% -> 1.6194332
B14: Dahinden Tobias | C14: =SUM('8.2 Kumulieren'!D14:H14) -> 48 | D14: =C14/'8.2 Kumulieren'!C14% -> 5.6603774 | J14: Regli Seraina | K14: =SUM('8.2 Kumulieren'!X14:AB14) -> 40 | L14: =K14/'8.2 Kumulieren'!W14% -> 11.331445 | N14: Stadler Fabio | O14: =SUM('8.2 Kumulieren'!AH14:AL14) -> 10 | P14: =O14/'8.2 Kumulieren'!AG14% -> 1.6920474 | R14: Jauch Heidi | S14: =SUM('8.2 Kumulieren'!AR14:AV14) -> 10 | T14: =S14/'8.2 Kumulieren'!AQ14% -> 2.1231423
B15: Cantoni Michael | C15: =SUM('8.2 Kumulieren'!D15:H15) -> 38 | D15: =C15/'8.2 Kumulieren'!C15% -> 4.5346062 | F15: Total | G15: =SUM('8.2 Kumulieren'!N15:R15) -> 1264 | H15: =G15/'8.2 Kumulieren'!M15% -> 15.087133 | J15: Balli Matteo | K15: =SUM('8.2 Kumulieren'!X15:AB15) -> 16 | L15: =K15/'8.2 Kumulieren'!W15% -> 4.8192771 | R15: Gisler Loris | S15: =SUM('8.2 Kumulieren'!AR15:AV15) -> 2 | T15: =S15/'8.2 Kumulieren'!AQ15% -> 0.43010753
B16: Regli Kathrin | C16: =SUM('8.2 Kumulieren'!D16:H16) -> 54 | D16: =C16/'8.2 Kumulieren'!C16% -> 6.482593 | J16: Arnold Jannik | K16: =SUM('8.2 Kumulieren'!X16:AB16) -> 26 | L16: =K16/'8.2 Kumulieren'!W16% -> 7.9027356 | N16: Total | O16: =SUM('8.2 Kumulieren'!AH16:AL16) -> 764 | P16: =O16/'8.2 Kumulieren'!AG16% -> 7.5412101
B17: Gisler Emilie | C17: =SUM('8.2 Kumulieren'!D17:H17) -> 78 | D17: =C17/'8.2 Kumulieren'!C17% -> 9.689441 | J17: Aschwanden Denis | K17: =SUM('8.2 Kumulieren'!X17:AB17) -> 10 | L17: =K17/'8.2 Kumulieren'!W17% -> 3.6900369 | R17: Total | S17: =SUM('8.2 Kumulieren'!AR17:AV17) -> 416 | T17: =S17/'8.2 Kumulieren'!AQ17% -> 5.0924226
B18: Gisler Nina | C18: =SUM('8.2 Kumulieren'!D18:H18) -> 32 | D18: =C18/'8.2 Kumulieren'!C18% -> 4.3419267
B19: Epp Iwan | C19: =SUM('8.2 Kumulieren'!D19:H19) -> 18 | D19: =C19/'8.2 Kumulieren'!C19% -> 2.7314112 | J19: Total | K19: =SUM('8.2 Kumulieren'!X19:AB19) -> 848 | L19: =K19/'8.2 Kumulieren'!W19% -> 14.161657
B21: Total | C21: =SUM('8.2 Kumulieren'!D21:H21) -> 1694 | D21: =C21/'8.2 Kumulieren'!C21% -> 10.897395
A24: Bürglen, CVP | B24: Name | C24: Kumulierte Stimmen auf fremden Listen | E24: FDP | F24: Name | G24: Kumulierte Stimmen auf fremden Listen | I24: GLP | J24: Name | K24: Kumulierte Stimmen auf fremden Listen | M24: SP/GB | N24: Name | O24: Kumulierte Stimmen auf fremden Listen | Q24: SVP | R24: Name | S24: Kumulierte Stimmen auf fremden Listen
C25: abs. | D25: in % | G25: abs. | H25: in % | K25: abs. | L25: in % | O25: abs. | P25: in % | S25: abs. | T25: in %
B27: Arnold-Furrer Bernadette | C27: =SUM('8.2 Kumulieren'!D27:H27) -> 92 | D27: =C27/'8.2 Kumulieren'!C27% -> 13.333333 | F27: Christen-Zarri Miriam | G27: =SUM('8.2 Kumulieren'!N27:R27) -> 74 | H27: =G27/'8.2 Kumulieren'!M27% -> 13.50365 | J27: Gisler Luzia | K27: =SUM('8.2 Kumulieren'!X27:AB27) -> 76 | L27: =K27/'8.2 Kumulieren'!W27% -> 18.22542 | N27: Ananthavettivelu Ragunath | O27: =SUM('8.2 Kumulieren'!AH27:AL27) -> 24 | P27: =O27/'8.2 Kumulieren'!AG27% -> 5.0632911 | R27: Arnold Alois | S27: =SUM('8.2 Kumulieren'!AR27:AV27) -> 50 | T27: =S27/'8.2 Kumulieren'!AQ27% -> 4.7755492
B28: Gisler Tobias | C28: =SUM('8.2 Kumulieren'!D28:H28) -> 38 | D28: =C28/'8.2 Kumulieren'!C28% -> 7.2657744 | F28: Röthlisberger René | G28: =SUM('8.2 Kumulieren'!N28:R28) -> 24 | H28: =G28/'8.2 Kumulieren'!M28% -> 8.0267559 | J28: Schuler Luisa | K28: =SUM('8.2 Kumulieren'!X28:AB28) -> 12 | L28: =K28/'8.2 Kumulieren'!W28% -> 7.8431373 | N28: Wüthrich Martina | O28: =SUM('8.2 Kumulieren'!AH28:AL28) -> 12 | P28: =O28/'8.2 Kumulieren'!AG28% -> 3.4188034 | R28: Arnold-Fassbind Alois | S28: =SUM('8.2 Kumulieren'!AR28:AV28) -> 48 | T28: =S28/'8.2 Kumulieren'!AQ28% -> 4.5977011
B29: Baumann Tino | C29: =SUM('8.2 Kumulieren'!D29:H29) -> 62 | D29: =C29/'8.2 Kumulieren'!C29% -> 15.5 | F29: Herger Ruedi | G29: =SUM('8.2 Kumulieren'!N29:R29) -> 34 | H29: =G29/'8.2 Kumulieren'!M29% -> 11.764706 | J29: Arnold Daniel | K29: =SUM('8.2 Kumulieren'!X29:AB29) -> 4 | L29: =K29/'8.2 Kumulieren'!W29% -> 2.9411765 | N29: Kluge Harriet | O29: =SUM('8.2 Kumulieren'!AH29:AL29) -> 2 | P29: =O29/'8.2 Kumulieren'!AG29% -> 0.63897764 | R29: Gisler Hansueli | S29: =SUM('8.2 Kumulieren'!AR29:AV29) -> 38 | T29: =S29/'8.2 Kumulieren'!AQ29% -> 3.7073171
B30: Imhof Roman | C30: =SUM('8.2 Kumulieren'!D30:H30) -> 30 | D30: =C30/'8.2 Kumulieren'!C30% -> 9.2592593 | F30: Riedi Karin | G30: =SUM('8.2 Kumulieren'!N30:R30) -> 40 | H30: =G30/'8.2 Kumulieren'!M30% -> 15.686275 | J30: Ziegler Zacharias | K30: =SUM('8.2 Kumulieren'!X30:AB30) -> 14 | L30: =K30/'8.2 Kumulieren'!W30% -> 10.37037 | N30: Biasini Hugo | O30: =SUM('8.2 Kumulieren'!AH30:AL30) -> 20 | P30: =O30/'8.2 Kumulieren'!AG30% -> 8.1632653 | R30: Arnold Bruno | S30: =SUM('8.2 Kumulieren'!AR30:AV30) -> 12 | T30: =S30/'8.2 Kumulieren'!AQ30% -> 2.5210084
B31: Gisler Franziska | C31: =SUM('8.2 Kumulieren'!D31:H31) -> 12 | D31: =C31/'8.2 Kumulieren'!C31% -> 4.3478261 | F31: Seeholzer Christoph | G31: =SUM('8.2 Kumulieren'!N31:R31) -> 4 | H31: =G31/'8.2 Kumulieren'!M31% -> 2.5806452 | J31: Locher Christoph | K31: =SUM('8.2 Kumulieren'!X31:AB31) -> 12 | L31: =K31/'8.2 Kumulieren'!W31% -> 9.6774194
B32: Gisler-Walker Karin | C32: =SUM('8.2 Kumulieren'!D32:H32) -> 6 | D32: =C32/'8.2 Kumulieren'!C32% -> 2.4489796 | J32: Müller Josua | K32: =SUM('8.2 Kumulieren'!X32:AB32) -> 2 | L32: =K32/'8.2 Kumulieren'!W32% -> 1.6949153 | N32: Total | O32: =SUM('8.2 Kumulieren'!AH32:AL32) -> 58 | P32: =O32/'8.2 Kumulieren'!AG32% -> 4.1937816 | R32: Total | S32: =SUM('8.2 Kumulieren'!AR32:AV32) -> 148 | T32: =S32/'8.2 Kumulieren'!AQ32% -> 4.1202673
B33: Danioth Ian | C33: =SUM('8.2 Kumulieren'!D33:H33) -> 10 | D33: =C33/'8.2 Kumulieren'!C33% -> 5.0505051 | F33: Total | G33: =SUM('8.2 Kumulieren'!N33:R33) -> 176 | H33: =G33/'8.2 Kumulieren'!M33% -> 11.384217 | J33: Chande Binoi | K33: =SUM('8.2 Kumulieren'!X33:AB33) -> 2 | L33: =K33/'8.2 Kumulieren'!W33% -> 2.0618557
B35: Total | C35: =SUM('8.2 Kumulieren'!D35:H35) -> 250 | D35: =C35/'8.2 Kumulieren'!C35% -> 9.4126506 | J35: Total | K35: =SUM('8.2 Kumulieren'!X35:AB35) -> 122 | L35: =K35/'8.2 Kumulieren'!W35% -> 10.338983
A38: Erstfeld, CVP | B38: Name | C38: Kumulierte Stimmen auf fremden Listen | E38: FDP | F38: Name | G38: Kumulierte Stimmen auf fremden Listen | I38: GLP | J38: nicht angetreten | M38: SP/GB | N38: Name | O38: Kumulierte Stimmen auf fremden Listen | Q38: SVP | R38: Name | S38: Kumulierte Stimmen auf fremden Listen
C39: abs. | D39: in % | G39: abs. | H39: in % | O39: abs. | P39: in % | S39: abs. | T39: in %
B41: Epp-Gehrig Carmen | C41: =SUM('8.2 Kumulieren'!D41:H41) -> 64 | D41: =C41/'8.2 Kumulieren'!C41% -> 10.406504 | F41: Tresch Walter | G41: =SUM('8.2 Kumulieren'!N41:R41) -> 192 | H41: =G41/'8.2 Kumulieren'!M41% -> 24.18136 | N41: Läubli Ziegler Sylvia | O41: =SUM('8.2 Kumulieren'!AH41:AL41) -> 76 | P41: =O41/'8.2 Kumulieren'!AG41% -> 9.7686375 | R41: Schuler Christian | S41: =SUM('8.2 Kumulieren'!AR41:AV41) -> 142 | T41: =S41/'8.2 Kumulieren'!AQ41% -> 16.473318
B42: Gisler Nino | C42: =SUM('8.2 Kumulieren'!D42:H42) -> 82 | D42: =C42/'8.2 Kumulieren'!C42% -> 14.936248 | F42: Dittli Peter | G42: =SUM('8.2 Kumulieren'!N42:R42) -> 56 | H42: =G42/'8.2 Kumulieren'!M42% -> 11.740042 | N42: Kieliger Urs | O42: =SUM('8.2 Kumulieren'!AH42:AL42) -> 38 | P42: =O42/'8.2 Kumulieren'!AG42% -> 5.3221289 | R42: Levy Flavian | S42: =SUM('8.2 Kumulieren'!AR42:AV42) -> 22 | T42: =S42/'8.2 Kumulieren'!AQ42% -> 3.9215686
B43: Jaun-Arnold Isabelle | C43: =SUM('8.2 Kumulieren'!D43:H43) -> 46 | D43: =C43/'8.2 Kumulieren'!C43% -> 13.897281 | F43: Ziegler Michelle | G43: =SUM('8.2 Kumulieren'!N43:R43) -> 4 | H43: =G43/'8.2 Kumulieren'!M43% -> 1.6194332 | N43: Zgraggen Brosi | O43: =SUM('8.2 Kumulieren'!AH43:AL43) -> 28 | P43: =O43/'8.2 Kumulieren'!AG43% -> 7.8651685 | R43: Indergand Michael | S43: =SUM('8.2 Kumulieren'!AR43:AV43) -> 16 | T43: =S43/'8.2 Kumulieren'!AQ43% -> 6.0377358
B44: Migliozzi Luigi | C44: =SUM('8.2 Kumulieren'!D44:H44) -> 16 | D44: =C44/'8.2 Kumulieren'!C44% -> 5.7761733 | N44: Baumann Renner Edith | O44: =SUM('8.2 Kumulieren'!AH44:AL44) -> 10 | P44: =O44/'8.2 Kumulieren'!AG44% -> 3.5087719 | R44: Alessandri Pascal | S44: =SUM('8.2 Kumulieren'!AR44:AV44) -> 2 | T44: =S44/'8.2 Kumulieren'!AQ44% -> 0.79365079
F45: Total | G45: =SUM('8.2 Kumulieren'!N45:R45) -> 252 | H45: =G45/'8.2 Kumulieren'!M45% -> 16.600791
B46: Total | C46: =SUM('8.2 Kumulieren'!D46:H46) -> 208 | D46: =C46/'8.2 Kumulieren'!C46% -> 11.738149 | N46: Total | O46: =SUM('8.2 Kumulieren'!AH46:AL46) -> 152 | P46: =O46/'8.2 Kumulieren'!AG46% -> 7.1261135 | R46: Total | S46: =SUM('8.2 Kumulieren'!AR46:AV46) -> 182 | T46: =S46/'8.2 Kumulieren'!AQ46% -> 9.3814433
A49: Schattdorf, CVP | B49: Name | C49: Kumulierte Stimmen auf fremden Listen | E49: FDP | F49: Name | G49: Kumulierte Stimmen auf fremden Listen | I49: GLP | J49: Name | K49: Kumulierte Stimmen auf fremden Listen | M49: SP/GB | N49: Name | O49: Kumulierte Stimmen auf fremden Listen | Q49: SVP | R49: Name | S49: Kumulierte Stimmen auf fremden Listen
C50: abs. | D50: in % | G50: abs. | H50: in % | K50: abs. | L50: in % | O50: abs. | P50: in % | S50: abs. | T50: in %
B52: Gisler Flavio | C52: =SUM('8.2 Kumulieren'!D52:H52) -> 488 | D52: =C52/'8.2 Kumulieren'!C52% -> 26.798462 | F52: Gamma Cornelia | G52: =SUM('8.2 Kumulieren'!N52:R52) -> 276 | H52: =G52/'8.2 Kumulieren'!M52% -> 26.285714 | J52: Gamma Joel | K52: =SUM('8.2 Kumulieren'!X52:AB52) -> 40 | L52: =K52/'8.2 Kumulieren'!W52% -> 14.234875 | N52: Lüönd Eveline | O52: =SUM('8.2 Kumulieren'!AH52:AL52) -> 154 | P52: =O52/'8.2 Kumulieren'!AG52% -> 22.547584 | R52: Arnold Kevin | S52: =SUM('8.2 Kumulieren'!AR52:AV52) -> 80 | T52: =S52/'8.2 Kumulieren'!AQ52% -> 8.3857442
B53: Furrer Helen | C53: =SUM('8.2 Kumulieren'!D53:H53) -> 158 | D53: =C53/'8.2 Kumulieren'!C53% -> 12.238575 | F53: Cathry Ruedi | G53: =SUM('8.2 Kumulieren'!N53:R53) -> 190 | H53: =G53/'8.2 Kumulieren'!M53% -> 20.787746 | J53: Furrer Joël | K53: =SUM('8.2 Kumulieren'!X53:AB53) -> 46 | L53: =K53/'8.2 Kumulieren'!W53% -> 18.699187 | N53: Gisler Julia | O53: =SUM('8.2 Kumulieren'!AH53:AL53) -> 24 | P53: =O53/'8.2 Kumulieren'!AG53% -> 6.2015504 | R53: Schär Jonas | S53: =SUM('8.2 Kumulieren'!AR53:AV53) -> 52 | T53: =S53/'8.2 Kumulieren'!AQ53% -> 5.9023837
B54: Gisler-Arnold Franz | C54: =SUM('8.2 Kumulieren'!D54:H54) -> 152 | D54: =C54/'8.2 Kumulieren'!C54% -> 18.095238 | F54: Zberg Daniel | G54: =SUM('8.2 Kumulieren'!N54:R54) -> 82 | H54: =G54/'8.2 Kumulieren'!M54% -> 14.748201 | J54: Herger Benjamin | K54: =SUM('8.2 Kumulieren'!X54:AB54) -> 36 | L54: =K54/'8.2 Kumulieren'!W54% -> 18.274112 | N54: Kelly Andrew | O54: =SUM('8.2 Kumulieren'!AH54:AL54) -> 30 | P54: =O54/'8.2 Kumulieren'!AG54% -> 9.8360656 | R54: Arnold Vinzenz | S54: =SUM('8.2 Kumulieren'!AR54:AV54) -> 48 | T54: =S54/'8.2 Kumulieren'!AQ54% -> 5.6804734
B55: Gisler-Tresch Alois | C55: =SUM('8.2 Kumulieren'!D55:H55) -> 62 | D55: =C55/'8.2 Kumulieren'!C55% -> 10.402685 | F55: Deplazes Monja | G55: =SUM('8.2 Kumulieren'!N55:R55) -> 18 | H55: =G55/'8.2 Kumulieren'!M55% -> 6.360424 | N55: Jäger Reto | O55: =SUM('8.2 Kumulieren'!AH55:AL55) -> 24 | P55: =O55/'8.2 Kumulieren'!AG55% -> 9.6385542 | R55: Schmidt Mario | S55: =SUM('8.2 Kumulieren'!AR55:AV55) -> 24 | T55: =S55/'8.2 Kumulieren'!AQ55% -> 4.8979592
B56: Büeler Rico | C56: =SUM('8.2 Kumulieren'!D56:H56) -> 56 | D56: =C56/'8.2 Kumulieren'!C56% -> 10.546139 | F56: Simmen Christian | G56: =SUM('8.2 Kumulieren'!N56:R56) -> 18 | H56: =G56/'8.2 Kumulieren'!M56% -> 6.4516129 | J56: Total | K56: =SUM('8.2 Kumulieren'!X56:AB56) -> 122 | L56: =K56/'8.2 Kumulieren'!W56% -> 16.850829 | N56: Gisler Maria | O56: =SUM('8.2 Kumulieren'!AH56:AL56) -> 24 | P56: =O56/'8.2 Kumulieren'!AG56% -> 10.25641 | R56: Tresch Reto | S56: =SUM('8.2 Kumulieren'!AR56:AV56) -> 8 | T56: =S56/'8.2 Kumulieren'!AQ56% -> 2.0460358
B57: Lustenberger Thomas | C57: =SUM('8.2 Kumulieren'!D57:H57) -> 42 | D57: =C57/'8.2 Kumulieren'!C57% -> 8.8050314 | F57: Furrer Julian | G57: =SUM('8.2 Kumulieren'!N57:R57) -> 6 | H57: =G57/'8.2 Kumulieren'!M57% -> 3.2258065 | N57: Lauener Salomé | O57: =SUM('8.2 Kumulieren'!AH57:AL57) -> 8 | P57: =O57/'8.2 Kumulieren'!AG57% -> 3.6199095 | R57: Zgraggen Kaoutar | S57: =SUM('8.2 Kumulieren'!AR57:AV57) -> 6 | T57: =S57/'8.2 Kumulieren'!AQ57% -> 1.6666667
B58: Gisler Roman | C58: =SUM('8.2 Kumulieren'!D58:H58) -> 16 | D58: =C58/'8.2 Kumulieren'!C58% -> 3.7825059 | N58: Furger Rita | O58: =SUM('8.2 Kumulieren'!AH58:AL58) -> 10 | P58: =O58/'8.2 Kumulieren'!AG58% -> 5
F59: Total | G59: =SUM('8.2 Kumulieren'!N59:R59) -> 590 | H59: =G59/'8.2 Kumulieren'!M59% -> 18.053856 | R59: Total | S59: =SUM('8.2 Kumulieren'!AR59:AV59) -> 218 | T59: =S59/'8.2 Kumulieren'!AQ59% -> 5.5598062
B60: Total | C60: =SUM('8.2 Kumulieren'!D60:H60) -> 974 | D60: =C60/'8.2 Kumulieren'!C60% -> 16.29035 | N60: Total | O60: =SUM(O52:O58) -> 274 | P60: =O60/'8.2 Kumulieren'!AG60% -> 12.022817

Sheet 9 Wahlresultate pro Person
A1: Zahlen "Stimmen" und "Stimmen von eigener Liste" kommen aus Formular 2 (pro Gemeinde), "Stimmen von veränderten WZ der Liste" kommen aus dem Formular 3b (pro Gemeinde), % = Anteil Stimmen von fremden Listen an der Gesamtstimmenzahl (Formel hinterlegt)
A3: Altdorf, CVP | B3: Name | C3: Stimmen | D3: Stimmen von eigener Liste | G3: Stimmen von veränderten WZ der Liste | L3: Stimmen von fremden Listen | N3: FDP | O3: Name | P3: Stimmen | Q3: Stimmen von eigener Liste | T3: Stimmen von veränderten WZ der Liste | Y3: Stimmen von fremden Listen | AA3: GLP | AB3: Name | AC3: Stimmen | AD3: Stimmen von eigener Liste | AG3: Stimmen von veränderten WZ der Liste | AL3: Stimmen von fremden Listen | AN3: SP/GB | AO3: Name | AP3: Stimmen | AQ3: Stimmen von eigener Liste | AT3: Stimmen von veränderten WZ der Liste | AY3: Stimmen von fremden Listen | BA3: SVP | BB3: Name | BC3: Stimmen | BD3: Stimmen von eigener Liste | BG3: Stimmen von veränderten WZ der Liste | BL3: Stimmen von fremden Listen
D4: unver. | E4: ver. | F4: Total | G4: FDP | H4: GLP | I4: SP/GB | J4: SVP | K4: FL | L4: abs. | M4: in % | Q4: unver. | R4: ver. | S4: Total | T4: CVP | U4: GLP | V4: SP/GB | W4: SVP | X4: FL | Y4: abs. | Z4: in % | AD4: unver. | AE4: ver. | AF4: Total | AG4: CVP | AH4: FDP | AI4: SP/GB | AJ4: SVP | AK4: FL | AL4: Total | AM4: in % | AQ4: unver. | AR4: ver. | AS4: Total | AT4: CVP | AU4: FDP | AV4: GLP | AW4: SVP | AX4: FL | AY4: Total | AZ4: in % | BD4: unver. | BE4: ver. | BF4: Total | BG4: CVP | BH4: FDP | BI4: GLP | BJ4: SP/GB | BK4: FL | BL4: Total | BM4: in %
B6: Huber Céline | C6: =F6+L6 -> 2424 | D6: 806 | E6: 823 | F6: =SUM(D6:E6) -> 1629 | G6: 139 | H6: 95 | I6: 97 | J6: 57 | K6: 407 | L6: =SUM(G6:K6) -> 795 | M6: =L6/C6% -> 32.79703 | O6: Tarelli Dori | P6: =S6+Y6 -> 1558 | Q6: 506 | R6: 319 | S6: =SUM(Q6:R6) -> 825 | T6: 225 | U6: 81 | V6: 73 | W6: 34 | X6: 320 | Y6: =SUM(T6:X6) -> 733 | Z6: =Y6/P6% -> 47.047497 | AB6: Baumann Noel | AC6: =AF6+AL6 -> 1140 | AD6: 314 | AE6: 288 | AF6: =SUM(AD6:AE6) -> 602 | AG6: 123 | AH6: 54 | AI6: 116 | AJ6: 13 | AK6: 232 | AL6: =SUM(AG6:AK6) -> 538 | AM6: =AL6/AC6% -> 47.192982 | AO6: Schmidt Valentin | AP6: =AS6+AY6 -> 1452 | AQ6: 832 | AR6: 332 | AS6: =SUM(AQ6:AR6) -> 1164 | AT6: 74 | AU6: 4 | AV6: 58 | AW6: 1 | AX6: 151 | AY6: =SUM(AT6:AX6) -> 288 | AZ6: =AY6/AP6% -> 19.834711 | BB6: von Mentlen Michael | BC6: =BF6+BL6 -> 1232 | BD6: 752 | BE6: 191 | BF6: =SUM(BD6:BE6) -> 943 | BG6: 78 | BH6: 36 | BI6: 15 | BJ6: 3 | BK6: 157 | BL6: =SUM(BG6:BK6) -> 289 | BM6: =BL6/BC6% -> 23.457792
B7: Arnold Barengo Michael | C7: =F7+L7 -> 1502 | D7: 403 | E7: 562 | F7: =SUM(D7:E7) -> 965 | G7: 75 | H7: 69 | I7: 80 | J7: 29 | K7: 284 | L7: =SUM(G7:K7) -> 537 | M7: =L7/C7% -> 35.75233 | O7: Muheim Quick Petra | P7: =S7+Y7 -> 1515 | Q7: 506 | R7: 308 | S7: =SUM(Q7:R7) -> 814 | T7: 242 | U7: 75 | V7: 50 | W7: 45 | X7: 289 | Y7: =SUM(T7:X7) -> 701 | Z7: =Y7/P7% -> 46.270627 | AB7: Wild Loa | AC7: =AF7+AL7 -> 810 | AD7: 314 | AE7: 230 | AF7: =SUM(AD7:AE7) -> 544 | AG7: 47 | AH7: 23 | AI7: 75 | AJ7: 0 | AK7: 121 | AL7: =SUM(AG7:AK7) -> 266 | AM7: =AL7/AC7% -> 32.839506 | AO7: Imhof Jonas | AP7: =AS7+AY7 -> 1431 | AQ7: 832 | AR7: 327 | AS7: =SUM(AQ7:AR7) -> 1159 | AT7: 56 | AU7: 13 | AV7: 67 | AW7: 4 | AX7: 132 | AY7: =SUM(AT7:AX7) -> 272 | AZ7: =AY7/AP7% -> 19.007687 | BB7: Brunner Claudia | BC7: =BF7+BL7 -> 1218 | BD7: 752 | BE7: 207 | BF7: =SUM(BD7:BE7) -> 959 | BG7: 70 | BH7: 48 | BI7: 5 | BJ7: 2 | BK7: 134 | BL7: =SUM(BG7:BK7) -> 259 | BM7: =BL7/BC7% -> 21.264368
B8: Keusch Rafael | C8: =F8+L8 -> 1400 | D8: 403 | E8: 514 | F8: =SUM(D8:E8) -> 917 | G8: 57 | H8: 46 | I8: 63 | J8: 34 | K8: 283 | L8: =SUM(G8:K8) -> 483 | M8: =L8/C8% -> 34.5 | O8: Schillig Ivo | P8: =S8+Y8 -> 1280 | Q8: 506 | R8: 304 | S8: =SUM(Q8:R8) -> 810 | T8: 158 | U8: 25 | V8: 21 | W8: 40 | X8: 226 | Y8: =SUM(T8:X8) -> 470 | Z8: =Y8/P8% -> 36.71875 | AB8: Zgraggen Fabian | AC8: =AF8+AL8 -> 660 | AD8: 314 | AE8: 190 | AF8: =SUM(AD8:AE8) -> 504 | AG8: 41 | AH8: 11 | AI8: 29 | AJ8: 3 | AK8: 72 | AL8: =SUM(AG8:AK8) -> 156 | AM8: =AL8/AC8% -> 23.636364 | AO8: Arnold Nino | AP8: =AS8+AY8 -> 1393 | AQ8: 832 | AR8: 260 | AS8: =SUM(AQ8:AR8) -> 1092 | AT8: 65 | AU8: 15 | AV8: 60 | AW8: 6 | AX8: 155 | AY8: =SUM(AT8:AX8) -> 301 | AZ8: =AY8/AP8% -> 21.60804 | BB8: Affentranger Fabio | BC8: =BF8+BL8 -> 1166 | BD8: 752 | BE8: 236 | BF8: =SUM(BD8:BE8) -> 988 | BG8: 46 | BH8: 19 | BI8: 9 | BJ8: 6 | BK8: 98 | BL8: =SUM(BG8:BK8) -> 178 | BM8: =BL8/BC8% -> 15.265866
B9: Gisler Kurt | C9: =F9+L9 -> 1398 | D9: 403 | E9: 501 | F9: =SUM(D9:E9) -> 904 | G9: 81 | H9: 61 | I9: 50 | J9: 32 | K9: 270 | L9: =SUM(G9:K9) -> 494 | M9: =L9/C9% -> 35.336195 | O9: Heinzer Andrea | P9: =S9+Y9 -> 968 | Q9: 506 | R9: 223 | S9: =SUM(Q9:R9) -> 729 | T9: 46 | U9: 34 | V9: 26 | W9: 10 | X9: 123 | Y9: =SUM(T9:X9) -> 239 | Z9: =Y9/P9% -> 24.690083 | AB9: Britschgi Urs | AC9: =AF9+AL9 -> 526 | AD9: 157 | AE9: 122 | AF9: =SUM(AD9:AE9) -> 279 | AG9: 58 | AH9: 21 | AI9: 32 | AJ9: 19 | AK9: 117 | AL9: =SUM(AG9:AK9) -> 247 | AM9: =AL9/AC9% -> 46.958175 | AO9: Walker Stephanie | AP9: =AS9+AY9 -> 1332 | AQ9: 832 | AR9: 274 | AS9: =SUM(AQ9:AR9) -> 1106 | AT9: 60 | AU9: 8 | AV9: 35 | AW9: 2 | AX9: 121 | AY9: =SUM(AT9:AX9) -> 226 | AZ9: =AY9/AP9% -> 16.966967 | BB9: Arnold Stefan | BC9: =BF9+BL9 -> 1050 | BD9: 752 | BE9: 161 | BF9: =SUM(BD9:BE9) -> 913 | BG9: 35 | BH9: 14 | BI9: 3 | BJ9: 5 | BK9: 80 | BL9: =SUM(BG9:BK9) -> 137 | BM9: =BL9/BC9% -> 13.047619
B10: Gisler-Bissig Lea | C10: =F10+L10 -> 1320 | D10: 403 | E10: 491 | F10: =SUM(D10:E10) -> 894 | G10: 59 | H10: 50 | I10: 61 | J10: 27 | K10: 229 | L10: =SUM(G10:K10) -> 426 | M10: =L10/C10% -> 32.272727 | O10: Zgraggen Michael | P10: =S10+Y10 -> 918 | Q10: 506 | R10: 222 | S10: =SUM(Q10:R10) -> 728 | T10: 47 | U10: 27 | V10: 4 | W10: 12 | X10: 100 | Y10: =SUM(T10:X10) -> 190 | Z10: =Y10/P10% -> 20.697168 | AB10: Mauri Linda | AC10: =AF10+AL10 -> 468 | AD10: 157 | AE10: 138 | AF10: =SUM(AD10:AE10) -> 295 | AG10: 33 | AH10: 7 | AI10: 51 | AJ10: 1 | AK10: 81 | AL10: =SUM(AG10:AK10) -> 173 | AM10: =AL10/AC10% -> 36.965812 | AO10: Ziegler Therese | AP10: =AS10+AY10 -> 1317 | AQ10: 832 | AR10: 306 | AS10: =SUM(AQ10:AR10) -> 1138 | AT10: 38 | AU10: 7 | AV10: 30 | AW10: 3 | AX10: 101 | AY10: =SUM(AT10:AX10) -> 179 | AZ10: =AY10/AP10% -> 13.591496 | BB10: Jauch Fabian | BC10: =BF10+BL10 -> 922 | BD10: 752 | BE10: 142 | BF10: =SUM(BD10:BE10) -> 894 | BG10: 3 | BH10: 0 | BI10: 1 | BJ10: 0 | BK10: 24 | BL10: =SUM(BG10:BK10) -> 28 | BM10: =BL10/BC10% -> 3.0368764
B11: Epp-Arnold Regula | C11: =F11+L11 -> 967 | D11: 403 | E11: 391 | F11: =SUM(D11:E11) -> 794 | G11: 28 | H11: 18 | I11: 27 | J11: 14 | K11: 86 | L11: =SUM(G11:K11) -> 173 | M11: =L11/C11% -> 17.890383 | O11: Gisler Marcel | P11: =S11+Y11 -> 853 | Q11: 506 | R11: 217 | S11: =SUM(Q11:R11) -> 723 | T11: 26 | U11: 18 | V11: 19 | W11: 7 | X11: 60 | Y11: =SUM(T11:X11) -> 130 | Z11: =Y11/P11% -> 15.240328 | AB11: Stadler Valentin | AC11: =AF11+AL11 -> 377 | AD11: 157 | AE11: 102 | AF11: =SUM(AD11:AE11) -> 259 | AG11: 23 | AH11: 15 | AI11: 23 | AJ11: 1 | AK11: 56 | AL11: =SUM(AG11:AK11) -> 118 | AM11: =AL11/AC11% -> 31.299735 | AO11: Bissig Jonas | AP11: =AS11+AY11 -> 1271 | AQ11: 832 | AR11: 284 | AS11: =SUM(AQ11:AR11) -> 1116 | AT11: 33 | AU11: 6 | AV11: 36 | AW11: 2 | AX11: 78 | AY11: =SUM(AT11:AX11) -> 155 | AZ11: =AY11/AP11% -> 12.195122 | BB11: Dittli Adrian | BC11: =BF11+BL11 -> 592 | BD11: 376 | BE11: 109 | BF11: =SUM(BD11:BE11) -> 485 | BG11: 25 | BH11: 18 | BI11: 5 | BJ11: 4 | BK11: 55 | BL11: =SUM(BG11:BK11) -> 107 | BM11: =BL11/BC11% -> 18.074324
B12: Gisler Oliver | C12: =F12+L12 -> 952 | D12: 403 | E12: 383 | F12: =SUM(D12:E12) -> 786 | G12: 30 | H12: 22 | I12: 16 | J12: 11 | K12: 87 | L12: =SUM(G12:K12) -> 166 | M12: =L12/C12% -> 17.436975 | O12: Weber Angelo | P12: =S12+Y12 -> 742 | Q12: 506 | R12: 142 | S12: =SUM(Q12:R12) -> 648 | T12: 17 | U12: 10 | V12: 7 | W12: 14 | X12: 46 | Y12: =SUM(T12:X12) -> 94 | Z12: =Y12/P12% -> 12.668464 | AB12: Zgraggen Christoph | AC12: =AF12+AL12 -> 363 | AD12: 157 | AE12: 94 | AF12: =SUM(AD12:AE12) -> 251 | AG12: 31 | AH12: 20 | AI12: 10 | AJ12: 3 | AK12: 48 | AL12: =SUM(AG12:AK12) -> 112 | AM12: =AL12/AC12% -> 30.853994 | AO12: Gisler Stefanie | AP12: =AS12+AY12 -> 693 | AQ12: 416 | AR12: 157 | AS12: =SUM(AQ12:AR12) -> 573 | AT12: 27 | AU12: 6 | AV12: 22 | AW12: 0 | AX12: 65 | AY12: =SUM(AT12:AX12) -> 120 | AZ12: =AY12/AP12% -> 17.316017 | BB12: Furger Heinz | BC12: =BF12+BL12 -> 559 | BD12: 376 | BE12: 90 | BF12: =SUM(BD12:BE12) -> 466 | BG12: 14 | BH12: 18 | BI12: 5 | BJ12: 3 | BK12: 53 | BL12: =SUM(BG12:BK12) -> 93 | BM12: =BL12/BC12% -> 16.636852
B13: Oechslin Olivia | C13: =F13+L13 -> 862 | D13: 403 | E13: 314 | F13: =SUM(D13:E13) -> 717 | G13: 7 | H13: 19 | I13: 27 | J13: 3 | K13: 89 | L13: =SUM(G13:K13) -> 145 | M13: =L13/C13% -> 16.821346 | O13: Herger-Trüb Isabell | P13: =S13+Y13 -> 544 | Q13: 253 | R13: 103 | S13: =SUM(Q13:R13) -> 356 | T13: 48 | U13: 11 | V13: 17 | W13: 11 | X13: 101 | Y13: =SUM(T13:X13) -> 188 | Z13: =Y13/P13% -> 34.558824 | AB13: Baumann Remo | AC13: =AF13+AL13 -> 359 | AD13: 157 | AE13: 101 | AF13: =SUM(AD13:AE13) -> 258 | AG13: 32 | AH13: 5 | AI13: 4 | AJ13: 1 | AK13: 59 | AL13: =SUM(AG13:AK13) -> 101 | AM13: =AL13/AC13% -> 28.133705 | AO13: Zeugin Dominik | AP13: =AS13+AY13 -> 651 | AQ13: 416 | AR13: 122 | AS13: =SUM(AQ13:AR13) -> 538 | AT13: 12 | AU13: 4 | AV13: 18 | AW13: 1 | AX13: 78 | AY13: =SUM(AT13:AX13) -> 113 | AZ13: =AY13/AP13% -> 17.357911 | BB13: Imholz Adrian | BC13: =BF13+BL13 -> 494 | BD13: 376 | BE13: 95 | BF13: =SUM(BD13:BE13) -> 471 | BG13: 1 | BH13: 2 | BI13: 2 | BJ13: 0 | BK13: 18 | BL13: =SUM(BG13:BK13) -> 23 | BM13: =BL13/BC13% -> 4.6558704
B14: Dahinden Tobias | C14: =F14+L14 -> 848 | D14: 403 | E14: 316 | F14: =SUM(D14:E14) -> 719 | G14: 31 | H14: 15 | I14: 11 | J14: 10 | K14: 62 | L14: =SUM(G14:K14) -> 129 | M14: =L14/C14% -> 15.212264 | AB14: Regli Seraina | AC14: =AF14+AL14 -> 353 | AD14: 157 | AE14: 98 | AF14: =SUM(AD14:AE14) -> 255 | AG14: 13 | AH14: 13 | AI14: 25 | AJ14: 0 | AK14: 47 | AL14: =SUM(AG14:AK14) -> 98 | AM14: =AL14/AC14% -> 27.76204 | AO14: Stadler Fabio | AP14: =AS14+AY14 -> 591 | AQ14: 416 | AR14: 109 | AS14: =SUM(AQ14:AR14) -> 525 | AT14: 15 | AU14: 3 | AV14: 8 | AW14: 0 | AX14: 40 | AY14: =SUM(AT14:AX14) -> 66 | AZ14: =AY14/AP14% -> 11.167513 | BB14: Jauch Heidi | BC14: =BF14+BL14 -> 471 | BD14: 376 | BE14: 67 | BF14: =SUM(BD14:BE14) -> 443 | BG14: 7 | BH14: 4 | BI14: 0 | BJ14: 0 | BK14: 17 | BL14: =SUM(BG14:BK14) -> 28 | BM14: =BL14/BC14% -> 5.9447983
B15: Cantoni Michael | C15: =F15+L15 -> 838 | D15: 403 | E15: 313 | F15: =SUM(D15:E15) -> 716 | G15: 16 | H15: 10 | I15: 14 | J15: 8 | K15: 74 | L15: =SUM(G15:K15) -> 122 | M15: =L15/C15% -> 14.558473 | O15: Total | P15: =SUM(P6:P13) -> 8378 | Q15: =SUM(Q6:Q14) -> 3795 | R15: =SUM(R6:R14) -> 1838 | S15: =SUM(S6:S14) -> 5633 | T15: =SUM(T6:T13) -> 809 | U15: =SUM(U6:U13) -> 281 | V15: =SUM(V6:V13) -> 217 | W15: =SUM(W6:W13) -> 173 | X15: =SUM(X6:X13) -> 1265 | Y15: =SUM(Y6:Y13) -> 2745 | Z15: =Y15/P15% -> 32.764383 | AB15: Balli Matteo | AC15: =AF15+AL15 -> 332 | AD15: 157 | AE15: 97 | AF15: =SUM(AD15:AE15) -> 254 | AG15: 15 | AH15: 7 | AI15: 20 | AJ15: 3 | AK15: 33 | AL15: =SUM(AG15:AK15) -> 78 | AM15: =AL15/AC15% -> 23.493976 | BB15: Gisler Loris | BC15: =BF15+BL15 -> 465 | BD15: 376 | BE15: 70 | BF15: =SUM(BD15:BE15) -> 446 | BG15: 1 | BH15: 0 | BI15: 0 | BJ15: 1 | BK15: 17 | BL15: =SUM(BG15:BK15) -> 19 | BM15: =BL15/BC15% -> 4.0860215
B16: Regli Kathrin | C16: =F16+L16 -> 833 | D16: 403 | E16: 304 | F16: =SUM(D16:E16) -> 707 | G16: 8 | H16: 21 | I16: 11 | J16: 9 | K16: 77 | L16: =SUM(G16:K16) -> 126 | M16: =L16/C16% -> 15.12605 | AB16: Arnold Jannik | AC16: =AF16+AL16 -> 329 | AD16: 157 | AE16: 91 | AF16: =SUM(AD16:AE16) -> 248 | AG16: 16 | AH16: 10 | AI16: 8 | AJ16: 0 | AK16: 47 | AL16: =SUM(AG16:AK16) -> 81 | AM16: =AL16/AC16% -> 24.620061 | AO16: Total | AP16: =SUM(AP6:AP14) -> 10131 | AQ16: =SUM(AQ6:AQ15) -> 6240 | AR16: =SUM(AR6:AR15) -> 2171 | AS16: =SUM(AS6:AS15) -> 8411 | AT16: =SUM(AT6:AT15) -> 380 | AU16: =SUM(AU6:AU15) -> 66 | AV16: =SUM(AV6:AV15) -> 334 | AW16: =SUM(AW6:AW15) -> 19 | AX16: =SUM(AX6:AX15) -> 921 | AY16: =SUM(AY6:AY15) -> 1720 | AZ16: =AY16/AP16% -> 16.977594
B17: Gisler Emilie | C17: =F17+L17 -> 805 | D17: 403 | E17: 223 | F17: =SUM(D17:E17) -> 626 | G17: 16 | H17: 48 | I17: 26 | J17: 6 | K17: 83 | L17: =SUM(G17:K17) -> 179 | M17: =L17/C17% -> 22.236025 | AB17: Aschwanden Denis | AC17: =AF17+AL17 -> 271 | AD17: 157 | AE17: 70 | AF17: =SUM(AD17:AE17) -> 227 | AG17: 10 | AH17: 4 | AI17: 9 | AJ17: 1 | AK17: 20 | AL17: =SUM(AG17:AK17) -> 44 | AM17: =AL17/AC17% -> 16.236162 | BB17: Total | BC17: =SUM(BC6:BC15) -> 8169 | BD17: =SUM(BD6:BD16) -> 5640 | BE17: =SUM(BE6:BE16) -> 1368 | BF17: =SUM(BF6:BF16) -> 7008 | BG17: =SUM(BG6:BG16) -> 280 | BH17: =SUM(BH6:BH16) -> 159 | BI17: =SUM(BI6:BI16) -> 45 | BJ17: =SUM(BJ6:BJ16) -> 24 | BK17: =SUM(BK6:BK16) -> 653 | BL17: =SUM(BL6:BL16) -> 1161 | BM17: =BL17/BC17% -> 14.212266
B18: Gisler Nina | C18: =F18+L18 -> 737 | D18: 403 | E18: 234 | F18: =SUM(D18:E18) -> 637 | G18: 10 | H18: 18 | I18: 14 | J18: 3 | K18: 55 | L18: =SUM(G18:K18) -> 100 | M18: =L18/C18% -> 13.568521
B19: Epp Iwan | C19: =F19+L19 -> 659 | D19: 403 | E19: 210 | F19: =SUM(D19:E19) -> 613 | G19: 7 | H19: 2 | I19: 7 | J19: 3 | K19: 27 | L19: =SUM(G19:K19) -> 46 | M19: =L19/C19% -> 6.9802731 | AB19: Total | AC19: =SUM(AC6:AC17) -> 5988 | AD19: =SUM(AD6:AD18) -> 2355 | AE19: =SUM(AE6:AE18) -> 1621 | AF19: =SUM(AF6:AF18) -> 3976 | AG19: =SUM(AG6:AG18) -> 442 | AH19: =SUM(AH6:AH18) -> 190 | AI19: =SUM(AI6:AI18) -> 402 | AJ19: =SUM(AJ6:AJ18) -> 45 | AK19: =SUM(AK6:AK18) -> 933 | AL19: =SUM(AL6:AL18) -> 2012 | AM19: =AL19/AC19% -> 33.600534
B21: Total | C21: =SUM(C6:C19) -> 15545 | D21: =SUM(D6:D19) -> 6045 | E21: =SUM(E6:E19) -> 5579 | F21: =SUM(F6:F19) -> 11624 | G21: =SUM(G6:G20) -> 564 | H21: =SUM(H6:H20) -> 494 | I21: =SUM(I6:I20) -> 504 | J21: =SUM(J6:J20) -> 246 | K21: =SUM(K6:K20) -> 2113 | L21: =SUM(L6:L20) -> 3921 | M21: =L21/C21% -> 25.223545
A24: Bürglen, CVP | B24: Name | C24: Stimmen | D24: Stimmen von eigener Liste | G24: Stimmen von veränderten WZ der Liste | L24: Stimmen von fremden Listen | N24: FDP | O24: Name | P24: Stimmen | Q24: Stimmen von eigener Liste | T24: Stimmen von veränderten WZ der Liste | Y24: Stimmen von fremden Listen | AA24: GLP | AB24: Name | AC24: Stimmen | AD24: Stimmen von eigener Liste | AG24: Stimmen von veränderten WZ der Liste | AL24: Stimmen von fremden Listen | AN24: SP/GB | AO24: Name | AP24: Stimmen | AQ24: Stimmen von eigener Liste | AT24: Stimmen von veränderten WZ der Liste | AY24: Stimmen von fremden Listen | BA24: SVP | BB24: Name | BC24: Stimmen | BD24: Stimmen von eigener Liste | BG24: Stimmen von veränderten WZ der Liste | BL24: Stimmen von fremden Listen
D25: unver. | E25: ver. | F25: Total | G25: FDP | H25: GLP | I25: SP/GB | J25: SVP | K25: FL | L25: abs. | M25: in % | Q25: unver. | R25: ver. | S25: Total | T25: CVP | U25: GLP | V25: SP/GB | W25: SVP | X25: FL | Y25: abs. | Z25: in % | AD25: unver. | AE25: ver. | AF25: Total | AG25: CVP | AH25: FDP | AI25: SP/GB | AJ25: SVP | AK25: FL | AL25: Total | AM25: in % | AQ25: unver. | AR25: ver. | AS25: Total | AT25: CVP | AU25: FDP | AV25: GLP | AW25: SVP | AX25: FL | AY25: Total | AZ25: in % | BD25: unver. | BE25: ver. | BF25: Total | BG25: CVP | BH25: FDP | BI25: GLP | BJ25: SP/GB | BK25: FL | BL25: Total | BM25: in %
B27: Arnold-Furrer Bernadette | C27: =F27+L27 -> 690 | D27: 134 | E27: 210 | F27: =SUM(D27:E27) -> 344 | G27: 29 | H27: 24 | I27: 18 | J27: 66 | K27: 209 | L27: =SUM(G27:K27) -> 346 | M27: =L27/C27% -> 50.144928 | O27: Christen-Zarri Miriam | P27: =S27+Y27 -> 548 | Q27: 138 | R27: 100 | S27: =SUM(Q27:R27) -> 238 | T27: 70 | U27: 25 | V27: 19 | W27: 27 | X27: 169 | Y27: =SUM(T27:X27) -> 310 | Z27: =Y27/P27% -> 56.569343 | AB27: Gisler Luzia | AC27: =AF27+AL27 -> 417 | AD27: 44 | AE27: 99 | AF27: =SUM(AD27:AE27) -> 143 | AG27: 74 | AH27: 19 | AI27: 45 | AJ27: 10 | AK27: 126 | AL27: =SUM(AG27:AK27) -> 274 | AM27: =AL27/AC27% -> 65.707434 | AO27: Ananthavettivelu Ragunath | AP27: =AS27+AY27 -> 474 | AQ27: 236 | AR27: 96 | AS27: =SUM(AQ27:AR27) -> 332 | AT27: 30 | AU27: 4 | AV27: 28 | AW27: 1 | AX27: 79 | AY27: =SUM(AT27:AX27) -> 142 | AZ27: =AY27/AP27% -> 29.957806 | BB27: Arnold Alois | BC27: =BF27+BL27 -> 1047 | BD27: 636 | BE27: 195 | BF27: =SUM(BD27:BE27) -> 831 | BG27: 34 | BH27: 14 | BI27: 8 | BJ27: 4 | BK27: 156 | BL27: =SUM(BG27:BK27) -> 216 | BM27: =BL27/BC27% -> 20.630372
B28: Gisler Tobias | C28: =F28+L28 -> 523 | D28: 134 | E28: 175 | F28: =SUM(D28:E28) -> 309 | G28: 11 | H28: 11 | I28: 21 | J28: 26 | K28: 145 | L28: =SUM(G28:K28) -> 214 | M28: =L28/C28% -> 40.917782 | O28: Röthlisberger René | P28: =S28+Y28 -> 299 | Q28: 138 | R28: 71 | S28: =SUM(Q28:R28) -> 209 | T28: 20 | U28: 9 | V28: 1 | W28: 5 | X28: 55 | Y28: =SUM(T28:X28) -> 90 | Z28: =Y28/P28% -> 30.100334 | AB28: Schuler Luisa | AC28: =AF28+AL28 -> 153 | AD28: 44 | AE28: 46 | AF28: =SUM(AD28:AE28) -> 90 | AG28: 9 | AH28: 4 | AI28: 18 | AJ28: 1 | AK28: 31 | AL28: =SUM(AG28:AK28) -> 63 | AM28: =AL28/AC28% -> 41.176471 | AO28: Wüthrich Martina | AP28: =AS28+AY28 -> 351 | AQ28: 236 | AR28: 73 | AS28: =SUM(AQ28:AR28) -> 309 | AT28: 6 | AU28: 4 | AV28: 3 | AW28: 0 | AX28: 29 | AY28: =SUM(AT28:AX28) -> 42 | AZ28: =AY28/AP28% -> 11.965812 | BB28: Arnold-Fassbind Alois | BC28: =BF28+BL28 -> 1044 | BD28: 636 | BE28: 230 | BF28: =SUM(BD28:BE28) -> 866 | BG28: 23 | BH28: 8 | BI28: 1 | BJ28: 1 | BK28: 145 | BL28: =SUM(BG28:BK28) -> 178 | BM28: =BL28/BC28% -> 17.049808
B29: Baumann Tino | C29: =F29+L29 -> 400 | D29: 134 | E29: 123 | F29: =SUM(D29:E29) -> 257 | G29: 29 | H29: 6 | I29: 8 | J29: 23 | K29: 77 | L29: =SUM(G29:K29) -> 143 | M29: =L29/C29% -> 35.75 | O29: Herger Ruedi | P29: =S29+Y29 -> 289 | Q29: 69 | R29: 71 | S29: =SUM(Q29:R29) -> 140 | T29: 19 | U29: 4 | V29: 1 | W29: 34 | X29: 91 | Y29: =SUM(T29:X29) -> 149 | Z29: =Y29/P29% -> 51.557093 | AB29: Arnold Daniel | AC29: =AF29+AL29 -> 136 | AD29: 44 | AE29: 58 | AF29: =SUM(AD29:AE29) -> 102 | AG29: 5 | AH29: 4 | AI29: 4 | AJ29: 5 | AK29: 16 | AL29: =SUM(AG29:AK29) -> 34 | AM29: =AL29/AC29% -> 25 | AO29: Kluge Harriet | AP29: =AS29+AY29 -> 313 | AQ29: 236 | AR29: 53 | AS29: =SUM(AQ29:AR29) -> 289 | AT29: 3 | AU29: 1 | AV29: 8 | AW29: 0 | AX29: 12 | AY29: =SUM(AT29:AX29) -> 24 | AZ29: =AY29/AP29% -> 7.6677316 | BB29: Gisler Hansueli | BC29: =BF29+BL29 -> 1025 | BD29: 636 | BE29: 187 | BF29: =SUM(BD29:BE29) -> 823 | BG29: 24 | BH29: 11 | BI29: 8 | BJ29: 2 | BK29: 157 | BL29: =SUM(BG29:BK29) -> 202 | BM29: =BL29/BC29% -> 19.707317
B30: Imhof Roman | C30: =F30+L30 -> 324 | D30: 134 | E30: 103 | F30: =SUM(D30:E30) -> 237 | G30: 7 | H30: 2 | I30: 3 | J30: 23 | K30: 52 | L30: =SUM(G30:K30) -> 87 | M30: =L30/C30% -> 26.851852 | O30: Riedi Karin | P30: =S30+Y30 -> 255 | Q30: 69 | R30: 80 | S30: =SUM(Q30:R30) -> 149 | T30: 8 | U30: 4 | V30: 1 | W30: 35 | X30: 58 | Y30: =SUM(T30:X30) -> 106 | Z30: =Y30/P30% -> 41.568627 | AB30: Ziegler Zacharias | AC30: =AF30+AL30 -> 135 | AD30: 44 | AE30: 49 | AF30: =SUM(AD30:AE30) -> 93 | AG30: 13 | AH30: 7 | AI30: 6 | AJ30: 0 | AK30: 16 | AL30: =SUM(AG30:AK30) -> 42 | AM30: =AL30/AC30% -> 31.111111 | AO30: Biasini Hugo | AP30: =AS30+AY30 -> 245 | AQ30: 118 | AR30: 45 | AS30: =SUM(AQ30:AR30) -> 163 | AT30: 19 | AU30: 4 | AV30: 10 | AW30: 2 | AX30: 47 | AY30: =SUM(AT30:AX30) -> 82 | AZ30: =AY30/AP30% -> 33.469388 | BB30: Arnold Bruno | BC30: =BF30+BL30 -> 476 | BD30: 318 | BE30: 97 | BF30: =SUM(BD30:BE30) -> 415 | BG30: 4 | BH30: 4 | BI30: 1 | BJ30: 0 | BK30: 52 | BL30: =SUM(BG30:BK30) -> 61 | BM30: =BL30/BC30% -> 12.815126
B31: Gisler Franziska | C31: =F31+L31 -> 276 | D31: 134 | E31: 87 | F31: =SUM(D31:E31) -> 221 | G31: 4 | H31: 8 | I31: 2 | J31: 4 | K31: 37 | L31: =SUM(G31:K31) -> 55 | M31: =L31/C31% -> 19.927536 | O31: Seeholzer Christoph | P31: =S31+Y31 -> 155 | Q31: 69 | R31: 50 | S31: =SUM(Q31:R31) -> 119 | T31: 8 | U31: 5 | V31: 2 | W31: 0 | X31: 21 | Y31: =SUM(T31:X31) -> 36 | Z31: =Y31/P31% -> 23.225806 | AB31: Locher Christoph | AC31: =AF31+AL31 -> 124 | AD31: 44 | AE31: 46 | AF31: =SUM(AD31:AE31) -> 90 | AG31: 6 | AH31: 1 | AI31: 4 | AJ31: 0 | AK31: 23 | AL31: =SUM(AG31:AK31) -> 34 | AM31: =AL31/AC31% -> 27.419355
B32: Gisler-Walker Karin | C32: =F32+L32 -> 245 | D32: 134 | E32: 72 | F32: =SUM(D32:E32) -> 206 | G32: 1 | H32: 3 | I32: 2 | J32: 2 | K32: 31 | L32: =SUM(G32:K32) -> 39 | M32: =L32/C32% -> 15.918367 | AB32: Müller Josua | AC32: =AF32+AL32 -> 118 | AD32: 44 | AE32: 47 | AF32: =SUM(AD32:AE32) -> 91 | AG32: 2 | AH32: 1 | AI32: 5 | AJ32: 1 | AK32: 18 | AL32: =SUM(AG32:AK32) -> 27 | AM32: =AL32/AC32% -> 22.881356 | AO32: Total | AP32: =SUM(AP27:AP30) -> 1383 | AQ32: =SUM(AQ27:AQ30) -> 826 | AR32: =SUM(AR27:AR30) -> 267 | AS32: =SUM(AS27:AS30) -> 1093 | AT32: =SUM(AT27:AT30) -> 58 | AU32: =SUM(AU27:AU30) -> 13 | AV32: =SUM(AV27:AV30) -> 49 | AW32: =SUM(AW27:AW30) -> 3 | ... AY32: =SUM(AY27:AY30) -> 290 | AZ32: =AY32/AP32% -> 20.968908 | BB32: Total | BC32: =SUM(BC27:BC30) -> 3592 | BD32: =SUM(BD27:BD30) -> 2226 | BE32: =SUM(BE27:BE30) -> 709 | BF32: =SUM(BF27:BF30) -> 2935 | BG32: =SUM(BG27:BG30) -> 85 | BH32: =SUM(BH27:BH30) -> 37 | BI32: =SUM(BI27:BI30) -> 18 | BJ32: =SUM(BJ27:BJ30) -> 7 | ... BL32: =SUM(BL27:BL30) -> 657 | BM32: =BL32/BC32% -> 18.290646
B33: Danioth Ian | C33: =F33+L33 -> 198 | D33: 134 | E33: 34 | F33: =SUM(D33:E33) -> 168 | G33: 1 | H33: 4 | I33: 4 | J33: 0 | K33: 21 | L33: =SUM(G33:K33) -> 30 | M33: =L33/C33% -> 15.151515 | O33: Total | P33: =SUM(P27:P31) -> 1546 | Q33: =SUM(Q27:Q31) -> 483 | R33: =SUM(R27:R31) -> 372 | S33: =SUM(S27:S31) -> 855 | T33: =SUM(T27:T31) -> 125 | U33: =SUM(U27:U31) -> 47 | V33: =SUM(V27:V31) -> 24 | W33: =SUM(W27:W31) -> 101 | ... Y33: =SUM(Y27:Y31) -> 691 | Z33: =Y33/P33% -> 44.69599 | AB33: Chande Binoi | AC33: =AF33+AL33 -> 97 | AD33: 44 | AE33: 32 | AF33: =SUM(AD33:AE33) -> 76 | AG33: 3 | AH33: 0 | AI33: 5 | AJ33: 0 | AK33: 13 | AL33: =SUM(AG33:AK33) -> 21 | AM33: =AL33/AC33% -> 21.649485
B35: Total | C35: =SUM(C27:C33) -> 2656 | D35: =SUM(D27:D33) -> 938 | E35: =SUM(E27:E33) -> 804 | F35: =SUM(F27:F33) -> 1742 | G35: =SUM(G27:G33) -> 82 | H35: =SUM(H27:H33) -> 58 | I35: =SUM(I27:I33) -> 58 | J35: =SUM(J27:J33) -> 144 | ... L35: =SUM(L27:L33) -> 914 | M35: =L35/C35% -> 34.412651 | AB35: Total | AC35: =SUM(AC27:AC33) -> 1180 | AD35: =SUM(AD27:AD34) -> 308 | AE35: =SUM(AE27:AE34) -> 377 | AF35: =SUM(AF27:AF34) -> 685 | AG35: =SUM(AG27:AG33) -> 112 | AH35: =SUM(AH27:AH33) -> 36 | AI35: =SUM(AI27:AI33) -> 87 | AJ35: =SUM(AJ27:AJ33) -> 17 | AK35: =SUM(AK27:AK33) -> 243 | AL35: =SUM(AL27:AL33) -> 495 | AM35: =AL35/AC35% -> 41.949153
A38: Erstfeld, CVP | B38: Name | C38: Stimmen | D38: Stimmen von eigener Liste | G38: Stimmen von veränderten WZ der Liste | L38: Stimmen von fremden Listen | N38: FDP | O38: Name | P38: Stimmen | Q38: Stimmen von eigener Liste | T38: Stimmen von veränderten WZ der Liste | Y38: Stimmen von fremden Listen | AA38: GLP | AB38: nicht angetreten | AN38: SP/GB | AO38: Name | AP38: Stimmen | AQ38: Stimmen von eigener Liste | AT38: Stimmen von veränderten WZ der Liste | AY38: Stimmen von fremden Listen | BA38: SVP | BB38: Name | BC38: Stimmen | BD38: Stimmen von eigener Liste | BG38: Stimmen von veränderten WZ der Liste | BL38: Stimmen von fremden Listen
D39: unver. | E39: ver. | F39: Total | G39: FDP | H39: GLP | I39: SP/GB | J39: SVP | K39: FL | L39: abs. | M39: in % | Q39: unver. | R39: ver. | S39: Total | T39: CVP | U39: GLP | V39: SP/GB | W39: SVP | X39: FL | Y39: abs. | Z39: in % | AQ39: unver. | AR39: ver. | AS39: Total | AT39: CVP | AU39: FDP | AV39: GLP | AW39: SVP | AX39: FL | AY39: Total | AZ39: in % | BD39: unver. | BE39: ver. | BF39: Total | BG39: CVP | BH39: FDP | BI39: GLP | BJ39: SP/GB | BK39: FL | BL39: Total | BM39: in %
B41: Epp-Gehrig Carmen | C41: =F41+L41 -> 615 | D41: 236 | E41: 153 | F41: =SUM(D41:E41) -> 389 | G41: 34 | H41: - | I41: 14 | J41: 37 | K41: 141 | L41: =SUM(G41:K41) -> 226 | M41: =L41/C41% -> 36.747967 | O41: Tresch Walter | P41: =S41+Y41 -> 794 | Q41: 194 | R41: 124 | S41: =SUM(Q41:R41) -> 318 | T41: 69 | U41: - | V41: 34 | W41: 83 | X41: 290 | Y41: =SUM(T41:X41) -> 476 | Z41: =Y41/P41% -> 59.949622 | AO41: Läubli Ziegler Sylvia | AP41: =AS41+AY41 -> 778 | AQ41: 394 | AR41: 140 | AS41: =SUM(AQ41:AR41) -> 534 | AT41: 49 | AU41: 19 | AV41: - | AW41: 17 | AX41: 159 | AY41: =SUM(AT41:AX41) -> 244 | AZ41: =AY41/AP41% -> 31.362468 | BB41: Schuler Christian | BC41: =BF41+BL41 -> 862 | BD41: 324 | BE41: 217 | BF41: =SUM(BD41:BE41) -> 541 | BG41: 48 | BH41: 48 | BI41: - | BJ41: 5 | BK41: 220 | BL41: =SUM(BG41:BK41) -> 321 | BM41: =BL41/BC41% -> 37.238979
B42: Gisler Nino | C42: =F42+L42 -> 549 | D42: 236 | E42: 132 | F42: =SUM(D42:E42) -> 368 | G42: 24 | H42: - | I42: 31 | J42: 21 | K42: 105 | L42: =SUM(G42:K42) -> 181 | M42: =L42/C42% -> 32.969035 | O42: Dittli Peter | P42: =S42+Y42 -> 477 | Q42: 194 | R42: 85 | S42: =SUM(Q42:R42) -> 279 | T42: 24 | U42: - | V42: 10 | W42: 29 | X42: 135 | Y42: =SUM(T42:X42) -> 198 | Z42: =Y42/P42% -> 41.509434 | AO42: Kieliger Urs | AP42: =AS42+AY42 -> 714 | AQ42: 394 | AR42: 124 | AS42: =SUM(AQ42:AR42) -> 518 | AT42: 30 | AU42: 15 | AV42: - | AW42: 23 | AX42: 128 | AY42: =SUM(AT42:AX42) -> 196 | AZ42: =AY42/AP42% -> 27.45098 | BB42: Levy Flavian | BC42: =BF42+BL42 -> 561 | BD42: 324 | BE42: 142 | BF42: =SUM(BD42:BE42) -> 466 | BG42: 10 | BH42: 5 | BI42: - | BJ42: 1 | BK42: 79 | BL42: =SUM(BG42:BK42) -> 95 | BM42: =BL42/BC42% -> 16.934046
B43: Jaun-Arnold Isabelle | C43: =F43+L43 -> 331 | D43: 118 | E43: 79 | F43: =SUM(D43:E43) -> 197 | G43: 16 | H43: - | I43: 12 | J43: 16 | K43: 90 | L43: =SUM(G43:K43) -> 134 | M43: =L43/C43% -> 40.483384 | O43: Ziegler Michelle | P43: =S43+Y43 -> 247 | Q43: 194 | R43: 11 | S43: =SUM(Q43:R43) -> 205 | T43: 2 | U43: - | V43: 3 | W43: 3 | X43: 34 | Y43: =SUM(T43:X43) -> 42 | Z43: =Y43/P43% -> 17.004049 | AO43: Zgraggen Brosi | AP43: =AS43+AY43 -> 356 | AQ43: 197 | AR43: 64 | AS43: =SUM(AQ43:AR43) -> 261 | AT43: 13 | AU43: 3 | AV43: - | AW43: 12 | AX43: 67 | AY43: =SUM(AT43:AX43) -> 95 | AZ43: =AY43/AP43% -> 26.685393 | BB43: Indergand Michael | BC43: =BF43+BL43 -> 265 | BD43: 162 | BE43: 52 | BF43: =SUM(BD43:BE43) -> 214 | BG43: 4 | BH43: 4 | BI43: - | BJ43: 0 | BK43: 43 | BL43: =SUM(BG43:BK43) -> 51 | BM43: =BL43/BC43% -> 19.245283
B44: Migliozzi Luigi | C44: =F44+L44 -> 277 | D44: 118 | E44: 70 | F44: =SUM(D44:E44) -> 188 | G44: 4 | H44: - | I44: 7 | J44: 12 | K44: 66 | L44: =SUM(G44:K44) -> 89 | M44: =L44/C44% -> 32.129964 | AO44: Baumann Renner Edith | AP44: =AS44+AY44 -> 285 | AQ44: 197 | AR44: 45 | AS44: =SUM(AQ44:AR44) -> 242 | AT44: 2 | AU44: 4 | AV44: - | AW44: 2 | AX44: 35 | AY44: =SUM(AT44:AX44) -> 43 | AZ44: =AY44/AP44% -> 15.087719 | BB44: Alessandri Pascal | BC44: =BF44+BL44 -> 252 | BD44: 162 | BE44: 64 | BF44: =SUM(BD44:BE44) -> 226 | BG44: 1 | BH44: 0 | BI44: - | BJ44: 2 | BK44: 23 | BL44: =SUM(BG44:BK44) -> 26 | BM44: =BL44/BC44% -> 10.31746
O45: Total | P45: =SUM(P41:P43) -> 1518 | Q45: =SUM(Q41:Q44) -> 582 | R45: =SUM(R41:R44) -> 220 | S45: =SUM(S41:S44) -> 802 | T45: =SUM(T41:T43) -> 95 | U45: - | V45: =SUM(V41:V43) -> 47 | W45: =SUM(W41:W43) -> 115 | X45: =SUM(X41:X43) -> 459 | Y45: =SUM(Y41:Y43) -> 716 | Z45: =Y45/P45% -> 47.167325
B46: Total | C46: =SUM(C41:C44) -> 1772 | D46: =SUM(D41:D45) -> 708 | E46: =SUM(E41:E45) -> 434 | F46: =SUM(F41:F45) -> 1142 | G46: =SUM(G41:G44) -> 78 | H46: - | I46: =SUM(I41:I44) -> 64 | J46: =SUM(J41:J44) -> 86 | K46: =SUM(K41:K44) -> 402 | L46: =SUM(L41:L44) -> 630 | M46: =L46/C46% -> 35.553047 | AO46: Total | AP46: =SUM(AP41:AP44) -> 2133 | AQ46: =SUM(AQ41:AQ45) -> 1182 | AR46: =SUM(AR41:AR45) -> 373 | AS46: =SUM(AS41:AS45) -> 1555 | AT46: =SUM(AT41:AT44) -> 94 | AU46: =SUM(AU41:AU44) -> 41 | AV46: - | AW46: =SUM(AW41:AW44) -> 54 | AX46: =SUM(AX41:AX44) -> 389 | AY46: =SUM(AY41:AY44) -> 578 | AZ46: =AY46/AP46% -> 27.097984 | BB46: Total | BC46: =SUM(BC41:BC44) -> 1940 | BD46: =SUM(BD41:BD45) -> 972 | BE46: =SUM(BE41:BE45) -> 475 | BF46: =SUM(BF41:BF45) -> 1447 | BG46: =SUM(BG41:BG44) -> 63 | BH46: =SUM(BH41:BH44) -> 57 | BI46: - | BJ46: =SUM(BJ41:BJ44) -> 8 | BK46: =SUM(BK41:BK44) -> 365 | BL46: =SUM(BL41:BL44) -> 493 | BM46: =BL46/BC46% -> 25.412371
A49: Schattdorf, CVP | B49: Name | C49: Stimmen | D49: Stimmen von eigener Liste | G49: Stimmen von veränderten WZ der Liste | L49: Stimmen von fremden Listen | N49: FDP | O49: Name | P49: Stimmen | Q49: Stimmen von eigener Liste | T49: Stimmen von veränderten WZ der Liste | Y49: Stimmen von fremden Listen | AA49: GLP | AB49: Name | AC49: Stimmen | AD49: Stimmen von eigener Liste | AG49: Stimmen von veränderten WZ der Liste | AL49: Stimmen von fremden Listen | AN49: SP/GB | AO49: Name | AP49: Stimmen | AQ49: Stimmen von eigener Liste | AT49: Stimmen von veränderten WZ der Liste | AY49: Stimmen von fremden Listen | BA49: SVP | BB49: Name | BC49: Stimmen | BD49: Stimmen von eigener Liste | BG49: Stimmen von veränderten WZ der Liste | BL49: Stimmen von fremden Listen
D50: unver. | E50: ver. | F50: Total | G50: FDP | H50: GLP | I50: SP/GB | J50: SVP | K50: FL | L50: abs. | M50: in % | Q50: unver. | R50: ver. | S50: Total | T50: CVP | U50: GLP | V50: SP/GB | W50: SVP | X50: FL | Y50: abs. | Z50: in % | AD50: unver. | AE50: ver. | AF50: Total | AG50: CVP | AH50: FDP | AI50: SP/GB | AJ50: SVP | AK50: FL | AL50: Total | AM50: in % | AQ50: unver. | AR50: ver. | AS50: Total | AT50: CVP | AU50: FDP | AV50: GLP | AW50: SVP | AX50: FL | AY50: Total | AZ50: in % | BD50: unver. | BE50: ver. | BF50: Total | BG50: CVP | BH50: FDP | BI50: GLP | BJ50: SP/GB | BK50: FL | BL50: Total | BM50: in %
B52: Gisler Flavio | C52: =F52+L52 -> 1821 | D52: 452 | E52: 584 | F52: =SUM(D52:E52) -> 1036 | G52: 117 | H52: 42 | I52: 47 | J52: 124 | K52: 455 | L52: =SUM(G52:K52) -> 785 | M52: =L52/C52% -> 43.108182 | O52: Gamma Cornelia | P52: =S52+Y52 -> 1050 | Q52: 206 | R52: 243 | S52: =SUM(Q52:R52) -> 449 | T52: 175 | U52: 28 | V52: 11 | W52: 55 | X52: 332 | Y52: =SUM(T52:X52) -> 601 | Z52: =Y52/P52% -> 57.238095 | AB52: Gamma Joel | AC52: =AF52+AL52 -> 281 | AD52: 62 | AE52: 92 | AF52: =SUM(AD52:AE52) -> 154 | AG52: 29 | AH52: 28 | AI52: 11 | AJ52: 0 | AK52: 59 | AL52: =SUM(AG52:AK52) -> 127 | AM52: =AL52/AC52% -> 45.19573 | AO52: Lüönd Eveline | AP52: =AS52+AY52 -> 683 | AQ52: 250 | AR52: 116 | AS52: =SUM(AQ52:AR52) -> 366 | AT52: 91 | AU52: 18 | AV52: 17 | AW52: 13 | AX52: 178 | AY52: =SUM(AT52:AX52) -> 317 | AZ52: =AY52/AP52% -> 46.412884 | BB52: Arnold Kevin | BC52: =BF52+BL52 -> 954 | BD52: 492 | BE52: 254 | BF52: =SUM(BD52:BE52) -> 746 | BG52: 40 | BH52: 21 | BI52: 3 | BJ52: 0 | BK52: 144 | BL52: =SUM(BG52:BK52) -> 208 | BM52: =BL52/BC52% -> 21.802935
B53: Furrer Helen | C53: =F53+L53 -> 1291 | D53: 452 | E53: 436 | F53: =SUM(D53:E53) -> 888 | G53: 69 | H53: 25 | I53: 33 | J53: 45 | K53: 231 | L53: =SUM(G53:K53) -> 403 | M53: =L53/C53% -> 31.216112 | O53: Cathry Ruedi | P53: =S53+Y53 -> 914 | Q53: 206 | R53: 250 | S53: =SUM(Q53:R53) -> 456 | T53: 136 | U53: 14 | V53: 7 | W53: 59 | X53: 242 | Y53: =SUM(T53:X53) -> 458 | Z53: =Y53/P53% -> 50.109409 | AB53: Furrer Joël | AC53: =AF53+AL53 -> 246 | AD53: 62 | AE53: 86 | AF53: =SUM(AD53:AE53) -> 148 | AG53: 9 | AH53: 11 | AI53: 11 | AJ53: 7 | AK53: 60 | AL53: =SUM(AG53:AK53) -> 98 | AM53: =AL53/AC53% -> 39.837398 | AO53: Gisler Julia | AP53: =AS53+AY53 -> 387 | AQ53: 250 | AR53: 61 | AS53: =SUM(AQ53:AR53) -> 311 | AT53: 11 | AU53: 2 | AV53: 15 | AW53: 1 | AX53: 47 | AY53: =SUM(AT53:AX53) -> 76 | AZ53: =AY53/AP53% -> 19.638243 | BB53: Schär Jonas | BC53: =BF53+BL53 -> 881 | BD53: 492 | BE53: 223 | BF53: =SUM(BD53:BE53) -> 715 | BG53: 38 | BH53: 17 | BI53: 1 | BJ53: 4 | BK53: 106 | BL53: =SUM(BG53:BK53) -> 166 | BM53: =BL53/BC53% -> 18.842225
B54: Gisler-Arnold Franz | C54: =F54+L54 -> 840 | D54: 226 | E54: 322 | F54: =SUM(D54:E54) -> 548 | G54: 50 | H54: 9 | I54: 10 | J54: 44 | K54: 179 | L54: =SUM(G54:K54) -> 292 | M54: =L54/C54% -> 34.761905 | O54: Zberg Daniel | P54: =S54+Y54 -> 556 | Q54: 206 | R54: 155 | S54: =SUM(Q54:R54) -> 361 | T54: 43 | U54: 4 | V54: 2 | W54: 19 | X54: 127 | Y54: =SUM(T54:X54) -> 195 | Z54: =Y54/P54% -> 35.071942 | AB54: Herger Benjamin | AC54: =AF54+AL54 -> 197 | AD54: 31 | AE54: 56 | AF54: =SUM(AD54:AE54) -> 87 | AG54: 19 | AH54: 3 | AI54: 23 | AJ54: 4 | AK54: 61 | AL54: =SUM(AG54:AK54) -> 110 | AM54: =AL54/AC54% -> 55.837563 | AO54: Kelly Andrew | AP54: =AS54+AY54 -> 305 | AQ54: 125 | AR54: 65 | AS54: =SUM(AQ54:AR54) -> 190 | AT54: 19 | AU54: 9 | AV54: 22 | AW54: 5 | AX54: 60 | AY54: =SUM(AT54:AX54) -> 115 | AZ54: =AY54/AP54% -> 37.704918 | BB54: Arnold Vinzenz | BC54: =BF54+BL54 -> 845 | BD54: 492 | BE54: 174 | BF54: =SUM(BD54:BE54) -> 666 | BG54: 35 | BH54: 23 | BI54: 4 | BJ54: 5 | BK54: 112 | BL54: =SUM(BG54:BK54) -> 179 | BM54: =BL54/BC54% -> 21.183432
B55: Gisler-Tresch Alois | C55: =F55+L55 -> 596 | D55: 226 | E55: 242 | F55: =SUM(D55:E55) -> 468 | G55: 31 | H55: 4 | I55: 8 | J55: 16 | K55: 69 | L55: =SUM(G55:K55) -> 128 | M55: =L55/C55% -> 21.47651 | O55: Deplazes Monja | P55: =S55+Y55 -> 283 | Q55: 103 | R55: 63 | S55: =SUM(Q55:R55) -> 166 | T55: 26 | U55: 1 | V55: 1 | W55: 11 | X55: 78 | Y55: =SUM(T55:X55) -> 117 | Z55: =Y55/P55% -> 41.342756 | AO55: Jäger Reto | AP55: =AS55+AY55 -> 249 | AQ55: 125 | AR55: 36 | AS55: =SUM(AQ55:AR55) -> 161 | AT55: 19 | AU55: 3 | AV55: 7 | AW55: 1 | AX55: 58 | AY55: =SUM(AT55:AX55) -> 88 | AZ55: =AY55/AP55% -> 35.341365 | BB55: Schmidt Mario | BC55: =BF55+BL55 -> 490 | BD55: 246 | BE55: 125 | BF55: =SUM(BD55:BE55) -> 371 | BG55: 27 | BH55: 13 | BI55: 2 | BJ55: 3 | BK55: 74 | BL55: =SUM(BG55:BK55) -> 119 | BM55: =BL55/BC55% -> 24.285714
B56: Büeler Rico | C56: =F56+L56 -> 531 | D56: 226 | E56: 147 | F56: =SUM(D56:E56) -> 373 | G56: 30 | H56: 6 | I56: 6 | J56: 23 | K56: 93 | L56: =SUM(G56:K56) -> 158 | M56: =L56/C56% -> 29.755179 | O56: Simmen Christian | P56: =S56+Y56 -> 279 | Q56: 103 | R56: 76 | S56: =SUM(Q56:R56) -> 179 | T56: 28 | U56: 3 | V56: 0 | W56: 11 | X56: 58 | Y56: =SUM(T56:X56) -> 100 | Z56: =Y56/P56% -> 35.842294 | AB56: Total | AC56: =SUM(AC52:AC54) -> 724 | AD56: =SUM(AD52:AD55) -> 155 | AE56: =SUM(AE52:AE55) -> 234 | AF56: =SUM(AF52:AF55) -> 389 | AG56: =SUM(AG52:AG54) -> 57 | AH56: =SUM(AH52:AH54) -> 42 | AI56: =SUM(AI52:AI54) -> 45 | AJ56: =SUM(AJ52:AJ54) -> 11 | AK56: =SUM(AK52:AK54) -> 180 | AL56: =SUM(AL52:AL54) -> 335 | AM56: =AL56/AC56% -> 46.270718 | AO56: Gisler Maria | AP56: =AS56+AY56 -> 234 | AQ56: 125 | AR56: 35 | AS56: =SUM(AQ56:AR56) -> 160 | AT56: 9 | AU56: 9 | AV56: 12 | AW56: 4 | AX56: 40 | AY56: =SUM(AT56:AX56) -> 74 | AZ56: =AY56/AP56% -> 31.623932 | BB56: Tresch Reto | BC56: =BF56+BL56 -> 391 | BD56: 246 | BE56: 95 | BF56: =SUM(BD56:BE56) -> 341 | BG56: 9 | BH56: 2 | BI56: 1 | BJ56: 2 | BK56: 36 | BL56: =SUM(BG56:BK56) -> 50 | BM56: =BL56/BC56% -> 12.787724
B57: Lustenberger Thomas | C57: =F57+L57 -> 477 | D57: 226 | E57: 144 | F57: =SUM(D57:E57) -> 370 | G57: 11 | H57: 6 | I57: 1 | J57: 7 | K57: 82 | L57: =SUM(G57:K57) -> 107 | M57: =L57/C57% -> 22.431866 | O57: Furrer Julian | P57: =S57+Y57 -> 186 | Q57: 103 | R57: 53 | S57: =SUM(Q57:R57) -> 156 | T57: 6 | U57: 4 | V57: 3 | W57: 3 | X57: 14 | Y57: =SUM(T57:X57) -> 30 | Z57: =Y57/P57% -> 16.129032 | AO57: Lauener Salomé | AP57: =AS57+AY57 -> 221 | AQ57: 125 | AR57: 51 | AS57: =SUM(AQ57:AR57) -> 176 | AT57: 6 | AU57: 2 | AV57: 5 | AW57: 1 | AX57: 31 | AY57: =SUM(AT57:AX57) -> 45 | AZ57: =AY57/AP57% -> 20.361991 | BB57: Zgraggen Kaoutar | BC57: =BF57+BL57 -> 360 | BD57: 246 | BE57: 83 | BF57: =SUM(BD57:BE57) -> 329 | BG57: 2 | BH57: 2 | BI57: 0 | BJ57: 2 | BK57: 25 | BL57: =SUM(BG57:BK57) -> 31 | BM57: =BL57/BC57% -> 8.6111111
B58: Gisler Roman | C58: =F58+L58 -> 423 | D58: 226 | E58: 138 | F58: =SUM(D58:E58) -> 364 | G58: 5 | H58: 3 | I58: 1 | J58: 5 | K58: 45 | L58: =SUM(G58:K58) -> 59 | M58: =L58/C58% -> 13.947991 | AO58: Furger Rita | AP58: =AS58+AY58 -> 200 | AQ58: 125 | AR58: 32 | AS58: =SUM(AQ58:AR58) -> 157 | AT58: 10 | AU58: 0 | AV58: 2 | AW58: 2 | AX58: 29 | AY58: =SUM(AT58:AX58) -> 43 | AZ58: =AY58/AP58% -> 21.5
O59: Total | P59: =SUM(P52:P57) -> 3268 | Q59: =SUM(Q52:Q58) -> 927 | R59: =SUM(R52:R58) -> 840 | S59: =SUM(S52:S58) -> 1767 | T59: =SUM(T52:T57) -> 414 | U59: =SUM(U52:U57) -> 54 | V59: =SUM(V52:V57) -> 24 | W59: =SUM(W52:W57) -> 158 | X59: =SUM(X52:X57) -> 851 | Y59: =SUM(Y52:Y57) -> 1501 | Z59: =Y59/P59% -> 45.930233 | BB59: Total | BC59: =SUM(BC52:BC57) -> 3921 | BD59: =SUM(BD52:BD57) -> 2214 | BE59: =SUM(BE52:BE57) -> 954 | BF59: =SUM(BF52:BF57) -> 3168 | BG59: =SUM(BG52:BG57) -> 151 | BH59: =SUM(BH52:BH57) -> 78 | BI59: =SUM(BI52:BI57) -> 11 | BJ59: =SUM(BJ52:BJ57) -> 16 | ... BL59: =SUM(BL52:BL57) -> 753 | BM59: =BL59/BC59% -> 19.204285
B60: Total | C60: =SUM(C52:C58) -> 5979 | D60: =SUM(D52:D59) -> 2034 | E60: =SUM(E52:E59) -> 2013 | F60: =SUM(F52:F59) -> 4047 | G60: =SUM(G52:G58) -> 313 | H60: =SUM(H52:H58) -> 95 | I60: =SUM(I52:I58) -> 106 | J60: =SUM(J52:J58) -> 264 | K60: =SUM(K52:K58) -> 1154 | L60: =SUM(L52:L58) -> 1932 | M60: =L60/C60% -> 32.313096 | AO60: Total | AP60: =SUM(AP52:AP58) -> 2279 | AQ60: =SUM(AQ52:AQ58) -> 1125 | AR60: =SUM(AR52:AR58) -> 396 | AS60: =SUM(AS52:AS58) -> 1521 | AT60: =SUM(AT52:AT58) -> 165 | AU60: =SUM(AU52:AU58) -> 43 | AV60: =SUM(AV52:AV58) -> 80 | AW60: =SUM(AW52:AW58) -> 27 | ... AY60: =SUM(AY52:AY58) -> 758 | AZ60: =AY60/AP60% -> 33.260202

Sheet Amtsperioden
A1: Amts-perioden | B1: Total 2008 | D1: Total 2012 | F1: Total 2016 | H1: Total 2020 | J1: Total 2024 | L1: Parteien 2024
B2: absolut | C2: in % | D2: absolut | E2: in % | F2: absolut | G2: in % | H2: absolut | I2: in % | J2: absolut | K2: in % | L2: CVP | M2: FDP | N2: GLP | O2: SP/GB | P2: SVP | Q2: =L2 -> CVP | R2: =M2 -> FDP | S2: =O2 -> SP/GB | T2: =P2 -> SVP
A4: Neu | B4: 26 | C4: 40.625 | D4: 30 | E4: 46.875 | F4: 14 | G4: 21.875 | H4: 24 | I4: 37.5 | J4: =SUM(L4:P4) -> 24 | K4: =J4/64% -> 37.5 | L4: 8 | M4: 3 | N4: 3 | O4: 3 | P4: 7 | Q4: =L4/L11 -> 0.33333333 | R4: =M4/M11 -> 0.23076923 | S4: =O4/O11 -> 0.42857143 | T4: =P4/P11 -> 0.41176471
A5: 1 | B5: 26 | C5: 40.625 | D5: 23 | E5: 35.9375 | F5: 34 | G5: 53.125 | H5: 17 | I5: 26.5625 | J5: =SUM(L5:P5) -> 23 | K5: =J5/64% -> 35.9375 | L5: 9 | M5: 5 | O5: 3 | P5: 6
A6: 2 | B6: 9 | C6: 14.0625 | D6: 10 | E6: 15.625 | F6: 15 | G6: 23.4375 | H6: 17 | I6: 26.5625 | J6: =SUM(L6:P6) -> 8 | K6: =J6/64% -> 12.5 | L6: 4 | M6: 2 | O6: 1 | P6: 1
A7: 3 | B7: 1 | C7: 1.5625 | D7: 1 | E7: 1.5625 | F7: 1 | G7: 1.5625 | H7: 6 | I7: 9.375 | J7: =SUM(L7:P7) -> 7 | K7: =J7/64% -> 10.9375 | L7: 3 | M7: 3 | P7: 1
A8: 4 | B8: 1 | C8: 1.5625 | J8: =SUM(L8:P8) -> 2 | K8: =J8/64% -> 3.125 | P8: 2
A9: 5 | B9: 1 | C9: 1.5625
A11: Total | B11: 64 | C11: 100 | D11: 64 | E11: 100 | F11: 64 | G11: 100 | H11: 64 | I11: 100 | J11: =SUM(J4:J9) -> 64 | K11: =J11/64% -> 100 | L11: =SUM(L4:L9) -> 24 | M11: =SUM(M4:M9) -> 13 | N11: =SUM(N4:N9) -> 3 | O11: =SUM(O4:O9) -> 7 | P11: =SUM(P4:P9) -> 17
L12: 24 | M12: 13 | N12: 3 | O12: 7 | P12: 17

Sheet 4 Mandatsverteilung
A1: Mandatsverteilung
A2: Gemeinde | B2: Sitze | C2: CVP | F2: FDP | I2: SP/GB | L2: SVP
C3: 2012 | D3: 2016 | E3: 2020 | F3: 2012 | G3: 2016 | H3: 2020 | I3: 2012 | J3: 2016 | K3: 2020 | L3: 2012 | M3: 2016 | N3: 2020
A5: Altdorf | B5: 14/15 | C5: 5 | D5: 5 | E5: 5 | F5: 3 | G5: 3 | H5: 3 | I5: 4 | J5: 4 | K5: 4 | L5: 3 | M5: 3 | N5: 3
A6: Attinghausen | C6: 2 | D6: 2 | F6: 1 | G6: 1 | I6: 0 | J6: 0 | L6: 0 | M6: 0
A7: Bürglen | B7: 7 | C7: 3 | D7: 2 | E7: 2 | F7: 1 | G7: 1 | H7: 1 | I7: 1 | J7: 1 | K7: 1 | L7: 2 | M7: 3 | N7: 3
A8: Erstfeld | B8: ="7/6" -> 7/6 | C8: 2 | D8: 2 | E8: 2 | F8: 1 | G8: 1 | H8: 1 | I8: 2 | J8: 2 | K8: 2 | L8: 1 | M8: 1 | N8: 1
A9: Flüelen | C9: 0 | D9: 0 | F9: 2 | G9: 2 | I9: 1 | J9: 1 | L9: 0 | M9: 0
A10: Schattdorf | B10: 9 | C10: 3 | D10: 3 | E10: 3 | F10: 1 | G10: 2 | H10: 2 | I10: 2 | J10: 1 | K10: 2 | L10: 3 | M10: 3 | N10: 2
A11: Seedorf | C11: 2 | D11: 2 | F11: 0 | G11: 0 | I11: 0 | J11: 0 | L11: 1 | M11: 1
A12: Silenen | C12: 1 | D12: 1 | F12: 1 | G12: 2 | I12: 1 | J12: 0 | L12: 1 | M12: 1
A14: Alle Proporz-gemeinden | B14: 37 | C14: =SUM(C5:C12) -> 18 | D14: =SUM(D5:D12) -> 17 | E14: =SUM(E5:E12) -> 12 | F14: =SUM(F5:F12) -> 10 | G14: =SUM(G5:G12) -> 12 | H14: =SUM(H5:H12) -> 7 | I14: =SUM(I5:I12) -> 11 | J14: =SUM(J5:J12) -> 9 | ... N14: =SUM(N5:N12) -> 9
A16: Andermatt | B16: 2 | C16: 1 | D16: 1 | E16: 1 | F16: 1 | G16: 1 | H16: 1 | I16: 0 | J16: 0 | K16: 0 | L16: 0 | M16: 0 | N16: 0
A17: Attinghausen | B17: 3 | E17: 2 | H17: 1 | K17: 0 | N17: 0
A18: Bauen | B18: 1 | C18: 0 | D18: 0 | E18: 1 | F18: 0 | G18: 0 | H18: 0 | I18: 0 | J18: 0 | K18: 0 | L18: 1 | M18: 1 | N18: 0
A19: Flüelen | B19: 3 | E19: 1 | H19: 1 | K19: 0 | N19: 1
A20: Göschenen | B20: 1 | C20: 0 | D20: 0 | E20: 0 | F20: 0 | G20: 1 | H20: 0 | I20: 0 | J20: 0 | K20: 0 | L20: 1 | M20: 0 | N20: 0
A21: Gurtnellen | B21: 1 | C21: 0 | D21: 0 | E21: 0 | F21: 1 | G21: 1 | H21: 1 | I21: 0 | J21: 0 | K21: 0 | L21: 0 | M21: 0 | N21: 0
A22: Hospental | B22: 1 | C22: 0 | D22: 0 | E22: 0 | F22: 1 | G22: 1 | H22: 1 | I22: 0 | J22: 0 | K22: 0 | L22: 0 | M22: 0 | N22: 0
A23: Isenthal | B23: 1 | C23: 1 | D23: 1 | E23: 1 | F23: 0 | G23: 0 | H23: 0 | I23: 0 | J23: 0 | K23: 0 | L23: 0 | M23: 0 | N23: 0
A24: Realp | B24: 1 | C24: 0 | D24: 0 | E24: 0 | F24: 1 | G24: 1 | H24: 1 | I24: 0 | J24: 0 | K24: 0 | L24: 0 | M24: 0 | N24: 0
A25: Seedorf | B25: 3 | E25: 3 | H25: 0 | K25: 0 | N25: 0
A26: Seelisberg | B26: 1 | C26: 1 | D26: 1 | E26: 0 | F26: 0 | G26: 0 | H26: 1 | I26: 0 | J26: 0 | K26: 0 | L26: 0 | M26: 0 | N26: 0
A27: Silenen | B27: 4 | E27: 2 | H27: 1 | K27: 0 | N27: 1
A28: Sisikon | B28: 1 | C28: 0 | D28: 0 | E28: 0 | F28: 1 | G28: 1 | H28: 1 | I28: 0 | J28: 0 | K28: 0 | L28: 0 | M28: 0 | N28: 0
A29: Spiringen | B29: 2 | C29: 1 | D29: 1 | E29: 1 | F29: 0 | G29: 0 | H29: 0 | I29: 0 | J29: 0 | K29: 0 | L29: 1 | M29: 1 | N29: 1
A30: Unterschächen | B30: 1 | C30: 0 | D30: 0 | E30: 0 | F30: 0 | G30: 0 | H30: 0 | I30: 0 | J30: 0 | K30: 0 | L30: 1 | M30: 1 | N30: 1
A31: Wassen | B31: 1 | C31: 1 | D31: 1 | E31: 1 | F31: 0 | G31: 0 | H31: 0 | I31: 0 | J31: 0 | K31: 0 | L31: 0 | M31: 0 | N31: 0
A33: Alle Majorz-gemeinden | B33: =SUM(B16:B31) -> 27 | C33: =SUM(C16:C31) -> 5 | D33: =SUM(D16:D31) -> 5 | E33: =SUM(E16:E31) -> 13 | F33: =SUM(F16:F31) -> 5 | G33: =SUM(G16:G31) -> 6 | H33: =SUM(H16:H31) -> 9 | I33: =SUM(I16:I31) -> 0 | ... N33: =SUM(N16:N31) -> 4
A35: Total | B35: =B33+B14 -> 64 | C35: =C33+C14 -> 23 | D35: =D33+D14 -> 22 | E35: =E33+E14 -> 25 | F35: =F33+F14 -> 15 | G35: =G33+G14 -> 18 | H35: =H33+H14 -> 16 | I35: =I33+I14 -> 11 | ... N35: =N33+N14 -> 13
C38: =C35+F35+I35+L35 -> 64 | D38: =D35+G35+J35+M35 -> 64 | E38: =E35+H35+K35+N35 -> 63

Sheet Tabelle1
A1: Jahr | B1: 1992 | C1: 1996 | D1: 2000 | E1: 2004 | F1: 2008 | G1: 2012
A2: Anzahl gewählte Frauen Proporzgemeinden | B2: 7 | C2: 9 | D2: 13 | E2: 12 | F2: 11
A3: Anzahl Frauenkandidaturen | B3: 31 | C3: 33 | D3: 29 | E3: 29 | F3: 29 | G3: 32
A4: Erfolgsquote in %
